Year,Job_Role,Vacancies,Hiring_Difficulty,Top_Required_Skill,Skill_Demand_Status,Degree_Importance,Portfolio_Weightage_Percentage,Avg_Salary_LPA
2024,Manual QA Tester,24,Hard,Basic Manual Testing,Declining,Low,30,3.17
2025,Data Analyst,174,Hard,"Python, SQL & Power BI",Growing,Medium,72,10.25
2026,Manual QA Tester,11,Hard,Basic Manual Testing,Declining,Low,31,3.41
2022,Data Entry Operator,177,Easy,Excel & Typing,Stable,High,41,3.15
2021,Software Engineer,241,Hard,Java / C++,Growing,High,39,5.2
2026,AI Prompt Engineer,150,Medium,LLMs & Prompt Engineering,High Growth,Low,77,14.02
2025,Web Developer,138,Medium,React JS & AI Copilot,Growing,Low,78,10.85
2021,Data Analyst,241,Medium,SQL & Excel,Growing,High,49,4.87
2025,Software Engineer,177,Hard,Cloud Computing & System Design,Growing,High,68,7.87
2026,AI Prompt Engineer,103,Medium,LLMs & Prompt Engineering,High Growth,Low,86,14.58
2026,Data Entry Operator,23,Hard,Basic Data Entry,Declining,Low,35,2.49
2026,Data Entry Operator,30,Hard,Basic Data Entry,Declining,Low,35,3.12
2025,Data Analyst,159,Hard,"Python, SQL & Power BI",Growing,High,79,6.99
2021,Web Developer,157,Easy,HTML/CSS/JavaScript,Growing,Medium,41,6.95
2021,Software Engineer,190,Hard,Java / C++,Growing,Medium,34,7.05
2024,Data Analyst,132,Medium,"Python, SQL & Power BI",Growing,Medium,88,10.0
2024,AI Prompt Engineer,190,Hard,LLMs & Prompt Engineering,High Growth,Low,89,12.99
2021,Manual QA Tester,158,Easy,Manual Test Cases,Stable,High,43,3.57
2022,Data Analyst,212,Medium,SQL & Excel,Growing,High,48,5.93
2025,Data Entry Operator,39,Hard,Basic Data Entry,Declining,Low,24,2.37
2025,Software Engineer,128,Medium,Cloud Computing & System Design,Growing,High,83,6.97
2022,Data Analyst,177,Medium,SQL & Excel,Growing,Medium,35,5.06
2026,AI Prompt Engineer,174,Medium,LLMs & Prompt Engineering,High Growth,Medium,81,14.35
2021,Web Developer,226,Medium,HTML/CSS/JavaScript,Growing,High,49,4.52
2023,Web Developer,161,Medium,React JS & AI Copilot,Growing,High,76,7.46
2023,AI Prompt Engineer,33,Hard,LLMs & Prompt Engineering,High Growth,Low,91,9.78
2024,AI Prompt Engineer,138,Hard,LLMs & Prompt Engineering,High Growth,Low,91,14.98
2023,Web Developer,101,Hard,React JS & AI Copilot,Growing,High,69,8.07
2021,Software Engineer,239,Hard,Java / C++,Growing,High,41,5.23
2024,Software Engineer,155,Medium,Cloud Computing & System Design,Growing,Low,88,8.82
2022,Software Engineer,165,Medium,Java / C++,Growing,High,45,5.46
2026,Manual QA Tester,12,Hard,Basic Manual Testing,Declining,Low,39,2.49
2024,Software Engineer,166,Hard,Cloud Computing & System Design,Growing,Medium,71,7.05
2021,Data Analyst,241,Medium,SQL & Excel,Growing,Medium,40,5.13
2026,Data Analyst,106,Hard,"Python, SQL & Power BI",Growing,Low,89,9.1
2021,Data Analyst,218,Hard,SQL & Excel,Growing,Medium,41,6.4
2021,Web Developer,229,Medium,HTML/CSS/JavaScript,Growing,High,45,7.16
2021,Data Entry Operator,155,Medium,Excel & Typing,Stable,High,37,3.41
2023,AI Prompt Engineer,34,Hard,LLMs & Prompt Engineering,High Growth,Medium,88,11.84
2026,Software Engineer,179,Hard,Cloud Computing & System Design,Growing,High,68,7.42
2025,Data Entry Operator,17,Hard,Basic Data Entry,Declining,Low,26,3.08
2021,Data Entry Operator,149,Medium,Excel & Typing,Stable,High,43,3.09
2026,Software Engineer,126,Hard,Cloud Computing & System Design,Growing,Medium,79,8.96
2025,Data Entry Operator,28,Hard,Basic Data Entry,Declining,Low,23,2.04
2021,Web Developer,155,Easy,HTML/CSS/JavaScript,Growing,Medium,43,4.55
2025,Web Developer,145,Hard,React JS & AI Copilot,Growing,Low,65,6.45
2025,Manual QA Tester,41,Hard,Basic Manual Testing,Declining,Low,20,2.48
2022,Web Developer,195,Easy,HTML/CSS/JavaScript,Growing,High,32,6.35
2026,Data Analyst,126,Medium,"Python, SQL & Power BI",Growing,Medium,72,10.18
2023,AI Prompt Engineer,25,Hard,LLMs & Prompt Engineering,High Growth,Medium,77,9.79
2025,Data Entry Operator,16,Hard,Basic Data Entry,Declining,Low,23,3.2
2021,Software Engineer,236,Easy,Java / C++,Growing,Medium,41,6.24
2026,Software Engineer,124,Medium,Cloud Computing & System Design,Growing,Low,86,9.54
2026,Web Developer,151,Medium,React JS & AI Copilot,Growing,Medium,75,6.76
2021,Manual QA Tester,124,Easy,Manual Test Cases,Stable,High,41,3.76
2024,AI Prompt Engineer,146,Hard,LLMs & Prompt Engineering,High Growth,Medium,90,14.83
2024,Data Analyst,129,Medium,"Python, SQL & Power BI",Growing,Medium,83,8.63
2022,Manual QA Tester,131,Easy,Manual Test Cases,Stable,High,38,2.76
2021,Data Analyst,238,Medium,SQL & Excel,Growing,High,45,5.34
2025,Manual QA Tester,31,Hard,Basic Manual Testing,Declining,Low,22,2.37
2023,Manual QA Tester,31,Hard,Basic Manual Testing,Declining,Low,33,2.14
2021,Software Engineer,218,Medium,Java / C++,Growing,Medium,49,4.79
2025,Data Entry Operator,42,Hard,Basic Data Entry,Declining,Low,24,2.6
2022,Software Engineer,201,Easy,Java / C++,Growing,High,31,6.38
2022,Web Developer,153,Medium,HTML/CSS/JavaScript,Growing,High,42,7.33
2022,Web Developer,173,Medium,HTML/CSS/JavaScript,Growing,Medium,49,6.22
2021,Web Developer,161,Easy,HTML/CSS/JavaScript,Growing,Medium,40,7.38
2022,Software Engineer,161,Easy,Java / C++,Growing,High,42,4.55
2023,Data Analyst,134,Hard,"Python, SQL & Power BI",Growing,Medium,74,6.14
2022,Software Engineer,207,Medium,Java / C++,Growing,High,33,6.39
2025,Data Entry Operator,34,Hard,Basic Data Entry,Declining,Low,23,2.27
2021,Software Engineer,185,Easy,Java / C++,Growing,Medium,45,6.83
2026,Manual QA Tester,21,Hard,Basic Manual Testing,Declining,Low,36,3.02
2021,Software Engineer,211,Medium,Java / C++,Growing,High,46,5.67
2025,Software Engineer,118,Hard,Cloud Computing & System Design,Growing,High,73,11.08
2021,Data Entry Operator,138,Easy,Excel & Typing,Stable,Medium,49,2.62
2025,Software Engineer,111,Hard,Cloud Computing & System Design,Growing,Medium,68,11.68
2021,Manual QA Tester,133,Easy,Manual Test Cases,Stable,Medium,36,3.16
2025,Software Engineer,174,Medium,Cloud Computing & System Design,Growing,High,74,11.02
2021,Manual QA Tester,132,Easy,Manual Test Cases,Stable,Medium,43,3.09
2023,Data Analyst,165,Medium,"Python, SQL & Power BI",Growing,High,83,9.49
2025,Web Developer,116,Hard,React JS & AI Copilot,Growing,Low,68,8.1
2024,Software Engineer,160,Hard,Cloud Computing & System Design,Growing,Low,74,11.44
2026,Software Engineer,144,Medium,Cloud Computing & System Design,Growing,Medium,84,6.71
2025,Web Developer,138,Hard,React JS & AI Copilot,Growing,Medium,89,8.25
2021,Web Developer,155,Medium,HTML/CSS/JavaScript,Growing,Medium,35,7.43
2025,Manual QA Tester,30,Hard,Basic Manual Testing,Declining,Low,35,2.79
2023,Data Entry Operator,44,Hard,Basic Data Entry,Declining,Low,38,3.45
2022,Web Developer,180,Hard,HTML/CSS/JavaScript,Growing,High,44,6.59
2023,Web Developer,174,Medium,React JS & AI Copilot,Growing,Low,72,8.37
2024,Manual QA Tester,17,Hard,Basic Manual Testing,Declining,Low,23,2.7
2022,Data Entry Operator,160,Easy,Excel & Typing,Stable,High,34,3.18
2021,Web Developer,226,Medium,HTML/CSS/JavaScript,Growing,High,49,4.99
2026,Software Engineer,105,Hard,Cloud Computing & System Design,Growing,Low,79,11.52
2022,Software Engineer,154,Easy,Java / C++,Growing,Medium,42,5.63
2021,Data Analyst,160,Medium,SQL & Excel,Growing,Medium,46,5.64
2026,Software Engineer,126,Hard,Cloud Computing & System Design,Growing,High,73,8.49
2021,Manual QA Tester,147,Medium,Manual Test Cases,Stable,High,35,4.0
2026,Software Engineer,152,Hard,Cloud Computing & System Design,Growing,Low,74,11.1
2021,Manual QA Tester,120,Medium,Manual Test Cases,Stable,High,43,3.41
2026,Web Developer,131,Medium,React JS & AI Copilot,Growing,Medium,71,10.03
2022,Software Engineer,161,Medium,Java / C++,Growing,Medium,47,7.4
2026,AI Prompt Engineer,156,Hard,LLMs & Prompt Engineering,High Growth,Low,89,13.49
2026,Data Analyst,174,Medium,"Python, SQL & Power BI",Growing,High,66,8.1
2022,Data Analyst,212,Medium,SQL & Excel,Growing,High,48,6.14
2021,Data Entry Operator,170,Easy,Excel & Typing,Stable,High,39,3.69
2022,Web Developer,237,Easy,HTML/CSS/JavaScript,Growing,High,49,6.36
2022,Manual QA Tester,167,Easy,Manual Test Cases,Stable,High,40,3.31
2023,AI Prompt Engineer,25,Hard,LLMs & Prompt Engineering,High Growth,Medium,77,14.12
2023,Manual QA Tester,41,Hard,Basic Manual Testing,Declining,Low,37,2.9
2023,Software Engineer,120,Medium,Cloud Computing & System Design,Growing,Medium,86,6.53
2021,Manual QA Tester,153,Easy,Manual Test Cases,Stable,High,43,3.0
2023,Web Developer,125,Hard,React JS & AI Copilot,Growing,Medium,79,9.07
2023,Manual QA Tester,26,Hard,Basic Manual Testing,Declining,Low,23,3.21
2021,Software Engineer,196,Easy,Java / C++,Growing,High,44,5.95
2022,Data Entry Operator,164,Easy,Excel & Typing,Stable,High,31,2.72
2023,Software Engineer,122,Hard,Cloud Computing & System Design,Growing,Medium,77,11.2
2026,Software Engineer,114,Medium,Cloud Computing & System Design,Growing,Low,74,9.38
2021,Software Engineer,174,Medium,Java / C++,Growing,High,41,6.28
2024,Data Analyst,166,Hard,"Python, SQL & Power BI",Growing,Medium,68,9.22
2022,Web Developer,190,Easy,HTML/CSS/JavaScript,Growing,High,39,7.2
2022,Software Engineer,219,Medium,Java / C++,Growing,High,42,5.21
2026,Manual QA Tester,15,Hard,Basic Manual Testing,Declining,Low,25,2.37
2024,AI Prompt Engineer,174,Medium,LLMs & Prompt Engineering,High Growth,Low,83,8.56
2023,Manual QA Tester,33,Hard,Basic Manual Testing,Declining,Low,25,2.6
2024,Software Engineer,103,Medium,Cloud Computing & System Design,Growing,Low,88,10.34
2026,Web Developer,165,Hard,React JS & AI Copilot,Growing,Medium,83,11.03
2025,AI Prompt Engineer,125,Medium,LLMs & Prompt Engineering,High Growth,Low,75,13.15
2024,Web Developer,113,Medium,React JS & AI Copilot,Growing,Medium,75,11.59
2025,Software Engineer,102,Medium,Cloud Computing & System Design,Growing,Medium,74,9.29
2022,Data Entry Operator,121,Easy,Excel & Typing,Stable,High,37,2.71
2021,Web Developer,173,Medium,HTML/CSS/JavaScript,Growing,High,44,6.88
2021,Manual QA Tester,169,Easy,Manual Test Cases,Stable,Medium,41,3.6
2021,Data Analyst,150,Medium,SQL & Excel,Growing,High,32,6.22
2025,Software Engineer,113,Hard,Cloud Computing & System Design,Growing,Low,69,10.89
2023,AI Prompt Engineer,35,Hard,LLMs & Prompt Engineering,High Growth,Low,84,10.75
2026,Software Engineer,137,Hard,Cloud Computing & System Design,Growing,Medium,65,7.39
2021,Data Analyst,200,Medium,SQL & Excel,Growing,High,37,5.79
2023,Software Engineer,171,Hard,Cloud Computing & System Design,Growing,High,79,9.72
2024,AI Prompt Engineer,126,Hard,LLMs & Prompt Engineering,High Growth,Medium,75,12.95
2023,Web Developer,167,Hard,React JS & AI Copilot,Growing,Low,74,8.05
2026,Manual QA Tester,40,Hard,Basic Manual Testing,Declining,Low,34,3.27
2024,Manual QA Tester,17,Hard,Basic Manual Testing,Declining,Low,24,2.73
2024,Data Entry Operator,11,Hard,Basic Data Entry,Declining,Low,38,3.04
2024,Data Analyst,142,Hard,"Python, SQL & Power BI",Growing,Low,74,8.06
2026,Data Analyst,145,Hard,"Python, SQL & Power BI",Growing,Low,72,9.04
2021,Web Developer,225,Easy,HTML/CSS/JavaScript,Growing,High,40,7.26
2025,Manual QA Tester,17,Hard,Basic Manual Testing,Declining,Low,29,3.16
2022,Web Developer,189,Medium,HTML/CSS/JavaScript,Growing,High,43,7.23
2021,Software Engineer,185,Easy,Java / C++,Growing,High,43,7.26
2026,Software Engineer,139,Hard,Cloud Computing & System Design,Growing,Medium,85,8.01
2024,Web Developer,125,Hard,React JS & AI Copilot,Growing,Medium,89,11.18
2026,Data Analyst,106,Hard,"Python, SQL & Power BI",Growing,Low,81,9.52
2023,Data Entry Operator,33,Hard,Basic Data Entry,Declining,Low,26,2.25
2025,Web Developer,148,Hard,React JS & AI Copilot,Growing,Medium,82,9.98
2021,Data Entry Operator,173,Medium,Excel & Typing,Stable,High,49,3.3
2021,Web Developer,205,Medium,HTML/CSS/JavaScript,Growing,High,48,5.12
2025,Web Developer,144,Hard,React JS & AI Copilot,Growing,Low,83,6.39
2026,Software Engineer,146,Hard,Cloud Computing & System Design,Growing,Medium,81,8.4
2026,Software Engineer,162,Medium,Cloud Computing & System Design,Growing,Medium,87,11.68
2022,Data Analyst,246,Easy,SQL & Excel,Growing,Medium,31,4.97
2022,Manual QA Tester,143,Easy,Manual Test Cases,Stable,High,32,3.26
2026,Web Developer,166,Hard,React JS & AI Copilot,Growing,Medium,72,6.6
2026,AI Prompt Engineer,115,Medium,LLMs & Prompt Engineering,High Growth,Low,88,10.05
2022,Data Analyst,168,Medium,SQL & Excel,Growing,High,48,5.76
2022,Web Developer,160,Easy,HTML/CSS/JavaScript,Growing,Medium,49,5.64
2024,Data Entry Operator,14,Hard,Basic Data Entry,Declining,Low,24,2.61
2026,Web Developer,152,Medium,React JS & AI Copilot,Growing,Low,86,10.68
2021,Data Analyst,236,Medium,SQL & Excel,Growing,High,43,5.78
2023,Web Developer,113,Hard,React JS & AI Copilot,Growing,Medium,89,7.55
2026,AI Prompt Engineer,103,Medium,LLMs & Prompt Engineering,High Growth,Low,76,9.91
2023,AI Prompt Engineer,27,Hard,LLMs & Prompt Engineering,High Growth,Low,83,9.92
2021,Manual QA Tester,142,Easy,Manual Test Cases,Stable,High,41,2.71
2023,Web Developer,130,Hard,React JS & AI Copilot,Growing,Medium,76,9.8
2025,Data Analyst,144,Hard,"Python, SQL & Power BI",Growing,Medium,78,6.28
2024,AI Prompt Engineer,164,Medium,LLMs & Prompt Engineering,High Growth,Low,85,10.02
2024,Web Developer,158,Medium,React JS & AI Copilot,Growing,Medium,66,8.38
2026,AI Prompt Engineer,168,Hard,LLMs & Prompt Engineering,High Growth,Medium,89,9.84
2023,Data Entry Operator,26,Hard,Basic Data Entry,Declining,Low,32,2.23
2021,Data Analyst,222,Easy,SQL & Excel,Growing,High,38,5.74
2025,Software Engineer,141,Hard,Cloud Computing & System Design,Growing,High,82,10.8
2024,Software Engineer,111,Hard,Cloud Computing & System Design,Growing,High,81,6.82
2022,Web Developer,161,Medium,HTML/CSS/JavaScript,Growing,High,44,7.12
2025,Web Developer,179,Hard,React JS & AI Copilot,Growing,Medium,89,9.88
2023,Data Analyst,125,Medium,"Python, SQL & Power BI",Growing,Low,71,12.0
2022,Manual QA Tester,133,Easy,Manual Test Cases,Stable,High,36,3.6
2023,Data Analyst,158,Hard,"Python, SQL & Power BI",Growing,Medium,84,11.07
2022,Software Engineer,163,Medium,Java / C++,Growing,Medium,46,5.19
2024,Manual QA Tester,43,Hard,Basic Manual Testing,Declining,Low,22,3.04
2022,Data Entry Operator,123,Medium,Excel & Typing,Stable,High,46,2.98
2022,Web Developer,215,Easy,HTML/CSS/JavaScript,Growing,Medium,39,7.11
2026,Software Engineer,112,Hard,Cloud Computing & System Design,Growing,Low,67,6.42
2026,Data Entry Operator,38,Hard,Basic Data Entry,Declining,Low,36,2.6
2025,Data Entry Operator,25,Hard,Basic Data Entry,Declining,Low,31,3.48
2022,Software Engineer,233,Medium,Java / C++,Growing,High,36,5.22
2023,Manual QA Tester,23,Hard,Basic Manual Testing,Declining,Low,37,2.44
2026,Manual QA Tester,34,Hard,Basic Manual Testing,Declining,Low,35,2.03
2026,Web Developer,114,Hard,React JS & AI Copilot,Growing,Medium,76,11.74
2025,Manual QA Tester,15,Hard,Basic Manual Testing,Declining,Low,26,3.32
2026,Software Engineer,161,Hard,Cloud Computing & System Design,Growing,High,84,6.39
2024,Manual QA Tester,19,Hard,Basic Manual Testing,Declining,Low,30,2.26
2022,Web Developer,155,Medium,HTML/CSS/JavaScript,Growing,High,32,6.39
2021,Web Developer,210,Easy,HTML/CSS/JavaScript,Growing,Medium,46,6.05
2022,Software Engineer,181,Medium,Java / C++,Growing,Medium,32,6.37
2025,Web Developer,172,Hard,React JS & AI Copilot,Growing,Low,75,11.26
2023,Software Engineer,128,Hard,Cloud Computing & System Design,Growing,Low,76,6.21
2021,Manual QA Tester,143,Easy,Manual Test Cases,Stable,Medium,31,2.51
2023,Manual QA Tester,35,Hard,Basic Manual Testing,Declining,Low,37,2.12
2024,Manual QA Tester,37,Hard,Basic Manual Testing,Declining,Low,24,3.49
2022,Manual QA Tester,177,Easy,Manual Test Cases,Stable,High,48,3.49
2023,Manual QA Tester,42,Hard,Basic Manual Testing,Declining,Low,25,2.78
2024,Web Developer,158,Hard,React JS & AI Copilot,Growing,Low,75,7.43
2025,Data Analyst,162,Hard,"Python, SQL & Power BI",Growing,High,69,11.29
2022,Web Developer,159,Medium,HTML/CSS/JavaScript,Growing,High,39,5.19
2022,Data Entry Operator,148,Easy,Excel & Typing,Stable,High,42,2.79
2025,AI Prompt Engineer,126,Hard,LLMs & Prompt Engineering,High Growth,Low,76,12.44
2025,Software Engineer,169,Medium,Cloud Computing & System Design,Growing,High,73,11.78
2024,Data Entry Operator,24,Hard,Basic Data Entry,Declining,Low,24,2.15
2024,Data Entry Operator,41,Hard,Basic Data Entry,Declining,Low,23,2.1
2023,Web Developer,111,Medium,React JS & AI Copilot,Growing,Medium,65,6.35
2023,Data Analyst,149,Hard,"Python, SQL & Power BI",Growing,Medium,76,10.5
2023,Data Entry Operator,21,Hard,Basic Data Entry,Declining,Low,26,2.1
2021,Software Engineer,224,Medium,Java / C++,Growing,High,48,5.84
2026,Data Analyst,128,Hard,"Python, SQL & Power BI",Growing,High,73,6.98
2025,Manual QA Tester,20,Hard,Basic Manual Testing,Declining,Low,39,3.26
2026,Data Entry Operator,31,Hard,Basic Data Entry,Declining,Low,30,2.41
2021,Software Engineer,229,Medium,Java / C++,Growing,High,44,7.39
2023,Web Developer,168,Hard,React JS & AI Copilot,Growing,Medium,70,7.38
2025,Software Engineer,163,Hard,Cloud Computing & System Design,Growing,Low,82,11.19
2023,Data Entry Operator,34,Hard,Basic Data Entry,Declining,Low,36,2.14
2023,AI Prompt Engineer,27,Hard,LLMs & Prompt Engineering,High Growth,Low,86,8.23
2024,Data Analyst,102,Medium,"Python, SQL & Power BI",Growing,Medium,78,9.59
2026,Data Entry Operator,29,Hard,Basic Data Entry,Declining,Low,23,2.84
2021,Data Entry Operator,143,Easy,Excel & Typing,Stable,High,31,3.98
2021,Manual QA Tester,165,Medium,Manual Test Cases,Stable,High,47,3.58
2023,Manual QA Tester,34,Hard,Basic Manual Testing,Declining,Low,20,3.43
2021,Software Engineer,166,Easy,Java / C++,Growing,High,38,6.21
2026,AI Prompt Engineer,191,Hard,LLMs & Prompt Engineering,High Growth,Low,92,10.29
2022,Web Developer,179,Easy,HTML/CSS/JavaScript,Growing,High,42,4.74
2026,Data Analyst,137,Hard,"Python, SQL & Power BI",Growing,Medium,82,10.93
2022,Data Entry Operator,122,Medium,Excel & Typing,Stable,High,40,3.39
2021,Web Developer,221,Medium,HTML/CSS/JavaScript,Growing,Medium,37,6.91
2026,Software Engineer,106,Hard,Cloud Computing & System Design,Growing,Medium,70,10.9
2022,Software Engineer,163,Easy,Java / C++,Growing,High,39,4.68
2024,Manual QA Tester,34,Hard,Basic Manual Testing,Declining,Low,32,2.92
2023,AI Prompt Engineer,13,Hard,LLMs & Prompt Engineering,High Growth,Low,93,9.13
2026,Data Analyst,121,Hard,"Python, SQL & Power BI",Growing,Medium,67,6.49
2023,Software Engineer,160,Medium,Cloud Computing & System Design,Growing,High,65,11.04
2021,Software Engineer,186,Easy,Java / C++,Growing,Medium,49,5.61
2024,Data Entry Operator,33,Hard,Basic Data Entry,Declining,Low,37,3.3
2021,Data Entry Operator,155,Medium,Excel & Typing,Stable,High,31,3.85
2026,Data Analyst,157,Hard,"Python, SQL & Power BI",Growing,Medium,77,8.79
2025,Web Developer,125,Hard,React JS & AI Copilot,Growing,Low,87,9.8
2026,AI Prompt Engineer,101,Medium,LLMs & Prompt Engineering,High Growth,Low,87,11.06
2026,Data Entry Operator,23,Hard,Basic Data Entry,Declining,Low,26,2.54
2022,Software Engineer,184,Medium,Java / C++,Growing,High,31,5.48
2024,Data Entry Operator,32,Hard,Basic Data Entry,Declining,Low,34,2.35
2022,Software Engineer,223,Medium,Java / C++,Growing,High,45,6.51
2021,Web Developer,192,Hard,HTML/CSS/JavaScript,Growing,High,37,5.26
2026,Data Entry Operator,37,Hard,Basic Data Entry,Declining,Low,30,3.1
2025,Data Entry Operator,37,Hard,Basic Data Entry,Declining,Low,34,3.3
2024,Software Engineer,160,Medium,Cloud Computing & System Design,Growing,Low,73,9.19
2024,Data Analyst,128,Hard,"Python, SQL & Power BI",Growing,Medium,69,11.6
2025,Web Developer,150,Medium,React JS & AI Copilot,Growing,High,85,8.88
2023,Software Engineer,149,Hard,Cloud Computing & System Design,Growing,Medium,88,9.09
2022,Data Entry Operator,171,Medium,Excel & Typing,Stable,High,42,2.8
2022,Manual QA Tester,148,Easy,Manual Test Cases,Stable,High,37,3.8
2026,Data Analyst,164,Hard,"Python, SQL & Power BI",Growing,Low,74,6.11
2022,Web Developer,225,Easy,HTML/CSS/JavaScript,Growing,Medium,44,6.89
2024,Web Developer,100,Medium,React JS & AI Copilot,Growing,Medium,85,10.0
2021,Data Analyst,213,Easy,SQL & Excel,Growing,High,31,7.43
2021,Web Developer,226,Easy,HTML/CSS/JavaScript,Growing,Medium,38,4.83
2022,Manual QA Tester,157,Easy,Manual Test Cases,Stable,Medium,33,3.85
2025,Web Developer,122,Hard,React JS & AI Copilot,Growing,Low,88,7.78
2021,Manual QA Tester,177,Easy,Manual Test Cases,Stable,High,41,3.54
2024,Manual QA Tester,34,Hard,Basic Manual Testing,Declining,Low,20,2.36
2021,Software Engineer,248,Easy,Java / C++,Growing,High,40,6.43
2022,Software Engineer,197,Medium,Java / C++,Growing,High,37,7.24
2025,Data Analyst,124,Hard,"Python, SQL & Power BI",Growing,Medium,69,7.48
2024,Software Engineer,147,Hard,Cloud Computing & System Design,Growing,Low,76,11.73
2025,Manual QA Tester,32,Hard,Basic Manual Testing,Declining,Low,30,2.01
2025,Data Entry Operator,24,Hard,Basic Data Entry,Declining,Low,23,3.39
2024,Manual QA Tester,22,Hard,Basic Manual Testing,Declining,Low,38,2.15
2025,Data Entry Operator,36,Hard,Basic Data Entry,Declining,Low,34,2.8
2022,Data Entry Operator,168,Medium,Excel & Typing,Stable,Medium,31,3.73
2026,Software Engineer,106,Hard,Cloud Computing & System Design,Growing,High,77,7.11
2021,Data Analyst,233,Medium,SQL & Excel,Growing,High,33,6.92
2021,Data Entry Operator,166,Medium,Excel & Typing,Stable,High,39,3.4
2026,Manual QA Tester,31,Hard,Basic Manual Testing,Declining,Low,28,3.19
2022,Data Analyst,221,Medium,SQL & Excel,Growing,High,39,6.17
2023,Manual QA Tester,13,Hard,Basic Manual Testing,Declining,Low,37,3.1
2024,Data Entry Operator,19,Hard,Basic Data Entry,Declining,Low,37,3.15
2022,Web Developer,196,Easy,HTML/CSS/JavaScript,Growing,High,34,7.11
2021,Manual QA Tester,156,Easy,Manual Test Cases,Stable,High,45,3.41
2023,Data Analyst,172,Hard,"Python, SQL & Power BI",Growing,Medium,89,11.93
2023,Manual QA Tester,27,Hard,Basic Manual Testing,Declining,Low,22,2.66
2025,Web Developer,174,Hard,React JS & AI Copilot,Growing,High,83,9.62
2026,Data Analyst,131,Medium,"Python, SQL & Power BI",Growing,High,72,9.87
2024,Software Engineer,172,Hard,Cloud Computing & System Design,Growing,Medium,73,9.7
2025,Web Developer,159,Medium,React JS & AI Copilot,Growing,Low,85,7.63
2022,Software Engineer,235,Medium,Java / C++,Growing,High,32,7.48
2022,Software Engineer,236,Medium,Java / C++,Growing,High,31,4.68
2024,Data Analyst,135,Hard,"Python, SQL & Power BI",Growing,Medium,79,7.21
2022,Software Engineer,161,Easy,Java / C++,Growing,High,45,6.49
2024,Software Engineer,115,Hard,Cloud Computing & System Design,Growing,High,83,6.91
2025,Data Entry Operator,10,Hard,Basic Data Entry,Declining,Low,39,2.94
2022,Web Developer,187,Easy,HTML/CSS/JavaScript,Growing,High,41,4.69
2024,Web Developer,122,Medium,React JS & AI Copilot,Growing,Medium,85,8.08
2021,Web Developer,201,Easy,HTML/CSS/JavaScript,Growing,High,32,7.33
2022,Software Engineer,164,Hard,Java / C++,Growing,Medium,40,7.05
2022,Data Entry Operator,157,Medium,Excel & Typing,Stable,Medium,39,3.07
2022,Software Engineer,229,Easy,Java / C++,Growing,Medium,32,6.96
2025,Software Engineer,165,Medium,Cloud Computing & System Design,Growing,Medium,78,11.85
2022,Web Developer,185,Medium,HTML/CSS/JavaScript,Growing,High,30,4.92
2026,AI Prompt Engineer,151,Hard,LLMs & Prompt Engineering,High Growth,Low,87,10.57
2025,Data Analyst,167,Medium,"Python, SQL & Power BI",Growing,Low,76,11.79
2024,Manual QA Tester,40,Hard,Basic Manual Testing,Declining,Low,33,3.31
2025,Data Entry Operator,15,Hard,Basic Data Entry,Declining,Low,30,2.93
2024,Software Engineer,130,Medium,Cloud Computing & System Design,Growing,Low,74,7.27
2026,Software Engineer,149,Medium,Cloud Computing & System Design,Growing,Medium,73,8.58
2021,Software Engineer,156,Medium,Java / C++,Growing,High,43,4.69
2024,Data Entry Operator,26,Hard,Basic Data Entry,Declining,Low,24,2.92
2024,Manual QA Tester,44,Hard,Basic Manual Testing,Declining,Low,26,2.79
2026,AI Prompt Engineer,170,Hard,LLMs & Prompt Engineering,High Growth,Low,76,8.94
2025,AI Prompt Engineer,178,Hard,LLMs & Prompt Engineering,High Growth,Low,81,12.33
2025,Manual QA Tester,35,Hard,Basic Manual Testing,Declining,Low,37,2.94
2025,Data Analyst,144,Medium,"Python, SQL & Power BI",Growing,Medium,81,9.29
2025,Data Entry Operator,35,Hard,Basic Data Entry,Declining,Low,23,3.3
2024,Data Analyst,151,Hard,"Python, SQL & Power BI",Growing,Medium,74,11.35
2021,Web Developer,150,Medium,HTML/CSS/JavaScript,Growing,High,38,4.73
2021,Data Analyst,170,Medium,SQL & Excel,Growing,Medium,37,5.99
2023,AI Prompt Engineer,17,Medium,LLMs & Prompt Engineering,High Growth,Low,87,9.05
2024,Web Developer,107,Medium,React JS & AI Copilot,Growing,High,75,9.95
2023,Software Engineer,123,Medium,Cloud Computing & System Design,Growing,Medium,72,8.12
2026,Data Entry Operator,20,Hard,Basic Data Entry,Declining,Low,39,3.16
2023,Data Entry Operator,14,Hard,Basic Data Entry,Declining,Low,24,2.99
2022,Software Engineer,241,Medium,Java / C++,Growing,High,45,6.85
2021,Web Developer,216,Easy,HTML/CSS/JavaScript,Growing,High,47,6.35
2026,Web Developer,140,Hard,React JS & AI Copilot,Growing,Medium,82,7.93
2024,Data Entry Operator,36,Hard,Basic Data Entry,Declining,Low,27,2.17
2025,Manual QA Tester,41,Hard,Basic Manual Testing,Declining,Low,35,3.22
2024,Data Analyst,110,Medium,"Python, SQL & Power BI",Growing,High,82,7.35
2021,Software Engineer,171,Easy,Java / C++,Growing,High,47,7.28
2024,Software Engineer,145,Medium,Cloud Computing & System Design,Growing,Low,87,11.28
2024,Web Developer,146,Medium,React JS & AI Copilot,Growing,Low,85,11.87
2026,AI Prompt Engineer,106,Medium,LLMs & Prompt Engineering,High Growth,Medium,85,9.89
2024,Manual QA Tester,22,Hard,Basic Manual Testing,Declining,Low,37,2.16
2025,Data Entry Operator,36,Hard,Basic Data Entry,Declining,Low,37,2.32
2023,Data Entry Operator,22,Hard,Basic Data Entry,Declining,Low,30,3.14
2021,Software Engineer,172,Medium,Java / C++,Growing,High,48,7.12
2021,Manual QA Tester,177,Easy,Manual Test Cases,Stable,High,39,2.87
2025,Software Engineer,164,Medium,Cloud Computing & System Design,Growing,High,74,9.95
2021,Data Analyst,240,Easy,SQL & Excel,Growing,Medium,43,5.57
2025,Web Developer,135,Medium,React JS & AI Copilot,Growing,Low,86,11.0
2026,AI Prompt Engineer,133,Hard,LLMs & Prompt Engineering,High Growth,Low,90,9.04
2026,Software Engineer,157,Hard,Cloud Computing & System Design,Growing,Medium,84,10.68
2026,Software Engineer,125,Hard,Cloud Computing & System Design,Growing,Medium,72,7.07
2022,Software Engineer,169,Medium,Java / C++,Growing,High,42,7.12
2025,AI Prompt Engineer,102,Medium,LLMs & Prompt Engineering,High Growth,Low,94,11.92
2026,Data Analyst,129,Hard,"Python, SQL & Power BI",Growing,Medium,83,8.99
2026,Software Engineer,121,Hard,Cloud Computing & System Design,Growing,Low,70,7.26
2024,Software Engineer,147,Hard,Cloud Computing & System Design,Growing,High,81,8.6
2022,Data Entry Operator,130,Medium,Excel & Typing,Stable,High,44,2.95
2021,Web Developer,196,Easy,HTML/CSS/JavaScript,Growing,High,49,5.73
2026,Data Entry Operator,20,Hard,Basic Data Entry,Declining,Low,26,2.86
2025,Web Developer,160,Hard,React JS & AI Copilot,Growing,High,75,6.15
2026,AI Prompt Engineer,169,Hard,LLMs & Prompt Engineering,High Growth,Medium,93,9.82
2026,Data Analyst,168,Hard,"Python, SQL & Power BI",Growing,High,81,8.61
2025,Data Entry Operator,15,Hard,Basic Data Entry,Declining,Low,23,2.07
2022,Software Engineer,219,Easy,Java / C++,Growing,High,33,5.18
2024,Data Entry Operator,40,Hard,Basic Data Entry,Declining,Low,39,2.99
2024,Manual QA Tester,39,Hard,Basic Manual Testing,Declining,Low,31,2.07
2026,Data Entry Operator,16,Hard,Basic Data Entry,Declining,Low,22,2.41
2026,Data Analyst,179,Hard,"Python, SQL & Power BI",Growing,Medium,89,10.66
2024,Web Developer,144,Hard,React JS & AI Copilot,Growing,High,82,11.44
2021,Manual QA Tester,146,Easy,Manual Test Cases,Stable,High,30,3.85
2022,Software Engineer,197,Hard,Java / C++,Growing,Medium,44,4.66
2024,AI Prompt Engineer,156,Hard,LLMs & Prompt Engineering,High Growth,Low,79,12.58
2022,Manual QA Tester,170,Medium,Manual Test Cases,Stable,High,48,3.41
2021,Manual QA Tester,172,Easy,Manual Test Cases,Stable,High,47,2.88
2026,Web Developer,123,Medium,React JS & AI Copilot,Growing,Low,75,6.41
2026,Web Developer,116,Hard,React JS & AI Copilot,Growing,Medium,66,8.91
2025,Manual QA Tester,11,Hard,Basic Manual Testing,Declining,Low,35,2.32
2022,Data Analyst,188,Medium,SQL & Excel,Growing,Medium,48,4.69
2026,Data Entry Operator,19,Hard,Basic Data Entry,Declining,Low,22,2.08
2021,Manual QA Tester,165,Medium,Manual Test Cases,Stable,High,33,2.53
2025,AI Prompt Engineer,191,Medium,LLMs & Prompt Engineering,High Growth,Low,82,14.89
2022,Web Developer,221,Easy,HTML/CSS/JavaScript,Growing,High,32,5.67
2023,AI Prompt Engineer,16,Hard,LLMs & Prompt Engineering,High Growth,Low,92,8.65
2025,Software Engineer,110,Medium,Cloud Computing & System Design,Growing,Medium,88,8.14
2021,Data Entry Operator,174,Easy,Excel & Typing,Stable,High,37,2.79
2026,Data Analyst,141,Hard,"Python, SQL & Power BI",Growing,Medium,66,7.9
2023,Manual QA Tester,12,Hard,Basic Manual Testing,Declining,Low,37,2.25
2026,Web Developer,100,Medium,React JS & AI Copilot,Growing,Medium,80,6.91
2024,AI Prompt Engineer,169,Hard,LLMs & Prompt Engineering,High Growth,Low,83,13.63
2026,Web Developer,162,Hard,React JS & AI Copilot,Growing,High,77,7.94
2024,AI Prompt Engineer,194,Hard,LLMs & Prompt Engineering,High Growth,Medium,79,11.92
2021,Data Entry Operator,145,Easy,Excel & Typing,Stable,Medium,31,3.6
2025,Data Entry Operator,38,Hard,Basic Data Entry,Declining,Low,28,3.23
2022,Software Engineer,160,Hard,Java / C++,Growing,Medium,41,6.46
2021,Manual QA Tester,131,Easy,Manual Test Cases,Stable,High,32,2.76
2025,Data Entry Operator,35,Hard,Basic Data Entry,Declining,Low,20,2.36
2024,Data Analyst,140,Hard,"Python, SQL & Power BI",Growing,High,75,9.91
2026,Web Developer,168,Hard,React JS & AI Copilot,Growing,Low,67,6.19
2025,Data Analyst,165,Hard,"Python, SQL & Power BI",Growing,High,79,7.05
2021,Data Entry Operator,174,Easy,Excel & Typing,Stable,High,37,3.46
2024,Data Analyst,124,Medium,"Python, SQL & Power BI",Growing,Medium,85,6.2
2025,Manual QA Tester,23,Hard,Basic Manual Testing,Declining,Low,23,3.31
2021,Software Engineer,231,Medium,Java / C++,Growing,High,44,7.12
2023,Software Engineer,145,Hard,Cloud Computing & System Design,Growing,Low,72,6.77
2023,AI Prompt Engineer,23,Hard,LLMs & Prompt Engineering,High Growth,Medium,82,13.18
2022,Software Engineer,232,Hard,Java / C++,Growing,High,45,6.98
2023,Web Developer,127,Medium,React JS & AI Copilot,Growing,Low,73,7.83
2021,Data Entry Operator,133,Easy,Excel & Typing,Stable,High,49,2.68
2024,Web Developer,129,Medium,React JS & AI Copilot,Growing,Medium,84,7.81
2023,Manual QA Tester,44,Hard,Basic Manual Testing,Declining,Low,28,2.45
2026,Web Developer,167,Medium,React JS & AI Copilot,Growing,Low,66,10.01
2026,AI Prompt Engineer,140,Hard,LLMs & Prompt Engineering,High Growth,Low,90,9.68
2021,Software Engineer,213,Medium,Java / C++,Growing,High,40,6.22
2025,Manual QA Tester,29,Hard,Basic Manual Testing,Declining,Low,24,2.9
2021,Manual QA Tester,123,Medium,Manual Test Cases,Stable,High,38,2.6
2021,Manual QA Tester,131,Medium,Manual Test Cases,Stable,High,37,3.2
2021,Software Engineer,170,Medium,Java / C++,Growing,Medium,37,6.28
2025,Software Engineer,103,Hard,Cloud Computing & System Design,Growing,High,68,8.31
2025,Software Engineer,165,Medium,Cloud Computing & System Design,Growing,Medium,73,9.04
2026,AI Prompt Engineer,185,Medium,LLMs & Prompt Engineering,High Growth,Low,86,12.23
2023,Software Engineer,164,Hard,Cloud Computing & System Design,Growing,Medium,67,7.18
2023,Manual QA Tester,29,Hard,Basic Manual Testing,Declining,Low,36,2.77
2026,Web Developer,145,Medium,React JS & AI Copilot,Growing,Low,84,6.65
2022,Manual QA Tester,162,Easy,Manual Test Cases,Stable,High,39,2.92
2025,Web Developer,140,Hard,React JS & AI Copilot,Growing,Medium,71,9.45
2025,Software Engineer,118,Hard,Cloud Computing & System Design,Growing,Low,77,8.37
2024,Software Engineer,175,Hard,Cloud Computing & System Design,Growing,Medium,77,9.65
2021,Manual QA Tester,127,Medium,Manual Test Cases,Stable,Medium,34,2.5
2026,Manual QA Tester,32,Hard,Basic Manual Testing,Declining,Low,36,2.91
2022,Data Analyst,185,Easy,SQL & Excel,Growing,High,30,4.86
2024,Data Entry Operator,42,Hard,Basic Data Entry,Declining,Low,31,2.12
2021,Data Analyst,223,Easy,SQL & Excel,Growing,High,38,6.28
2022,Software Engineer,188,Medium,Java / C++,Growing,High,38,6.67
2023,Manual QA Tester,11,Hard,Basic Manual Testing,Declining,Low,25,3.24
2026,Data Analyst,140,Hard,"Python, SQL & Power BI",Growing,Medium,65,6.51
2022,Manual QA Tester,150,Easy,Manual Test Cases,Stable,High,46,3.73
2026,Data Entry Operator,30,Hard,Basic Data Entry,Declining,Low,30,2.64
2023,Manual QA Tester,18,Hard,Basic Manual Testing,Declining,Low,25,3.18
2024,Data Entry Operator,43,Hard,Basic Data Entry,Declining,Low,22,2.68
2024,Web Developer,162,Medium,React JS & AI Copilot,Growing,Low,89,6.16
2024,Web Developer,123,Hard,React JS & AI Copilot,Growing,High,69,9.87
2025,Web Developer,164,Hard,React JS & AI Copilot,Growing,Medium,74,9.87
2024,Software Engineer,142,Hard,Cloud Computing & System Design,Growing,Low,75,7.87
2026,Manual QA Tester,17,Hard,Basic Manual Testing,Declining,Low,21,3.26
2024,AI Prompt Engineer,164,Medium,LLMs & Prompt Engineering,High Growth,Medium,92,11.4
2023,Software Engineer,174,Medium,Cloud Computing & System Design,Growing,High,78,6.19
2023,Data Analyst,150,Medium,"Python, SQL & Power BI",Growing,Low,79,8.93
2022,Manual QA Tester,161,Easy,Manual Test Cases,Stable,Medium,34,3.21
2026,Data Entry Operator,27,Hard,Basic Data Entry,Declining,Low,28,3.48
2025,Software Engineer,146,Medium,Cloud Computing & System Design,Growing,High,80,10.64
2025,Manual QA Tester,22,Hard,Basic Manual Testing,Declining,Low,21,2.25
2025,Software Engineer,150,Hard,Cloud Computing & System Design,Growing,Low,77,7.17
2021,Manual QA Tester,140,Medium,Manual Test Cases,Stable,High,41,3.34
2023,Web Developer,162,Medium,React JS & AI Copilot,Growing,Medium,79,10.9
2024,Software Engineer,116,Hard,Cloud Computing & System Design,Growing,Medium,86,9.42
2022,Software Engineer,177,Medium,Java / C++,Growing,High,37,6.63
2026,Software Engineer,163,Hard,Cloud Computing & System Design,Growing,Medium,86,9.2
2024,AI Prompt Engineer,120,Hard,LLMs & Prompt Engineering,High Growth,Low,79,13.56
2024,Web Developer,145,Medium,React JS & AI Copilot,Growing,Low,83,8.78
2024,Data Entry Operator,41,Hard,Basic Data Entry,Declining,Low,25,2.88
2022,Data Entry Operator,143,Easy,Excel & Typing,Stable,High,30,3.41
2021,Software Engineer,202,Hard,Java / C++,Growing,High,48,5.72
2023,Data Entry Operator,16,Hard,Basic Data Entry,Declining,Low,32,2.71
2021,Data Entry Operator,168,Easy,Excel & Typing,Stable,High,46,2.86
2026,Software Engineer,158,Medium,Cloud Computing & System Design,Growing,Low,87,6.11
2026,Manual QA Tester,31,Hard,Basic Manual Testing,Declining,Low,30,3.31
2022,Data Analyst,225,Medium,SQL & Excel,Growing,High,45,5.34
2026,Web Developer,146,Hard,React JS & AI Copilot,Growing,Medium,81,6.54
2026,Software Engineer,164,Hard,Cloud Computing & System Design,Growing,Medium,79,6.86
2025,Data Entry Operator,18,Hard,Basic Data Entry,Declining,Low,20,3.27
2022,Web Developer,153,Medium,HTML/CSS/JavaScript,Growing,Medium,43,4.7
2023,Software Engineer,113,Hard,Cloud Computing & System Design,Growing,Low,66,6.04
2023,Software Engineer,115,Hard,Cloud Computing & System Design,Growing,High,66,10.77
2026,Data Entry Operator,11,Hard,Basic Data Entry,Declining,Low,21,3.07
2024,Data Analyst,138,Hard,"Python, SQL & Power BI",Growing,Medium,88,8.43
2023,AI Prompt Engineer,38,Hard,LLMs & Prompt Engineering,High Growth,Low,91,12.48
2025,Manual QA Tester,30,Hard,Basic Manual Testing,Declining,Low,38,2.54
2021,Web Developer,204,Medium,HTML/CSS/JavaScript,Growing,High,46,5.85
2022,Data Entry Operator,139,Easy,Excel & Typing,Stable,High,49,2.86
2024,AI Prompt Engineer,152,Hard,LLMs & Prompt Engineering,High Growth,Low,78,9.0
2022,Data Entry Operator,153,Easy,Excel & Typing,Stable,High,43,3.44
2023,Web Developer,175,Hard,React JS & AI Copilot,Growing,High,81,9.07
2022,Data Analyst,230,Easy,SQL & Excel,Growing,High,35,7.02
2021,Software Engineer,214,Easy,Java / C++,Growing,High,40,6.19
2022,Data Entry Operator,134,Medium,Excel & Typing,Stable,High,47,3.13
2026,Data Entry Operator,26,Hard,Basic Data Entry,Declining,Low,20,3.4
2021,Data Analyst,162,Easy,SQL & Excel,Growing,High,40,5.34
2023,Web Developer,167,Hard,React JS & AI Copilot,Growing,Medium,85,8.85
2023,Data Entry Operator,26,Hard,Basic Data Entry,Declining,Low,24,2.75
2024,Web Developer,146,Medium,React JS & AI Copilot,Growing,Medium,67,8.22
2024,Web Developer,112,Hard,React JS & AI Copilot,Growing,Low,66,7.27
2021,Software Engineer,249,Medium,Java / C++,Growing,High,30,6.32
2022,Web Developer,185,Medium,HTML/CSS/JavaScript,Growing,High,36,5.45
2024,Data Entry Operator,30,Hard,Basic Data Entry,Declining,Low,27,2.7
2021,Data Entry Operator,154,Easy,Excel & Typing,Stable,High,40,3.73
2026,Data Analyst,152,Medium,"Python, SQL & Power BI",Growing,Low,78,7.45
2026,Data Analyst,113,Hard,"Python, SQL & Power BI",Growing,Medium,79,7.98
2024,AI Prompt Engineer,123,Hard,LLMs & Prompt Engineering,High Growth,Low,80,13.34
2024,Web Developer,157,Hard,React JS & AI Copilot,Growing,Medium,74,10.62
2026,Web Developer,133,Medium,React JS & AI Copilot,Growing,Medium,85,8.05
2022,Data Entry Operator,135,Easy,Excel & Typing,Stable,High,41,3.49
2025,Data Entry Operator,18,Hard,Basic Data Entry,Declining,Low,30,3.24
2021,Manual QA Tester,159,Easy,Manual Test Cases,Stable,High,33,2.84
2022,Data Analyst,236,Medium,SQL & Excel,Growing,High,44,6.25
2021,Manual QA Tester,169,Easy,Manual Test Cases,Stable,High,49,3.34
2026,Web Developer,116,Medium,React JS & AI Copilot,Growing,High,74,11.38
2021,Data Analyst,160,Hard,SQL & Excel,Growing,High,48,6.08
2024,Data Entry Operator,20,Hard,Basic Data Entry,Declining,Low,30,3.21
2024,AI Prompt Engineer,187,Hard,LLMs & Prompt Engineering,High Growth,Low,83,12.83
2022,Web Developer,201,Easy,HTML/CSS/JavaScript,Growing,Medium,49,4.63
2021,Data Analyst,164,Easy,SQL & Excel,Growing,High,31,7.35
2026,Manual QA Tester,15,Hard,Basic Manual Testing,Declining,Low,25,3.39
2026,Data Analyst,177,Hard,"Python, SQL & Power BI",Growing,Medium,67,6.99
2025,Data Entry Operator,42,Hard,Basic Data Entry,Declining,Low,36,3.47
2025,Data Analyst,110,Hard,"Python, SQL & Power BI",Growing,Medium,73,7.18
2023,Data Entry Operator,35,Hard,Basic Data Entry,Declining,Low,31,2.39
2021,Data Analyst,231,Hard,SQL & Excel,Growing,High,35,5.07
2023,Manual QA Tester,43,Hard,Basic Manual Testing,Declining,Low,36,3.44
2025,Data Analyst,133,Hard,"Python, SQL & Power BI",Growing,High,72,10.64
2024,AI Prompt Engineer,164,Hard,LLMs & Prompt Engineering,High Growth,Low,94,11.96
2026,Manual QA Tester,31,Hard,Basic Manual Testing,Declining,Low,31,2.02
2022,Data Entry Operator,162,Easy,Excel & Typing,Stable,High,39,3.71
2022,Software Engineer,162,Easy,Java / C++,Growing,High,32,7.2
2026,Software Engineer,133,Hard,Cloud Computing & System Design,Growing,High,71,8.23
2024,Data Entry Operator,39,Hard,Basic Data Entry,Declining,Low,22,2.09
2023,Data Analyst,177,Hard,"Python, SQL & Power BI",Growing,Low,84,9.44
2022,Data Entry Operator,177,Medium,Excel & Typing,Stable,Medium,30,3.96
2022,Software Engineer,154,Easy,Java / C++,Growing,High,38,5.03
2022,Manual QA Tester,124,Medium,Manual Test Cases,Stable,High,33,3.34
2025,Software Engineer,175,Hard,Cloud Computing & System Design,Growing,Medium,71,11.36
2022,Manual QA Tester,142,Easy,Manual Test Cases,Stable,High,33,3.25
2024,Manual QA Tester,38,Hard,Basic Manual Testing,Declining,Low,27,2.28
2023,AI Prompt Engineer,37,Hard,LLMs & Prompt Engineering,High Growth,Low,89,14.16
2021,Software Engineer,212,Easy,Java / C++,Growing,High,37,6.58
2022,Data Entry Operator,142,Easy,Excel & Typing,Stable,High,46,2.94
2025,Manual QA Tester,40,Hard,Basic Manual Testing,Declining,Low,28,2.0
2021,Data Entry Operator,176,Medium,Excel & Typing,Stable,High,34,2.84
2026,Manual QA Tester,29,Hard,Basic Manual Testing,Declining,Low,22,3.32
2026,Data Entry Operator,37,Hard,Basic Data Entry,Declining,Low,31,2.34
2024,Web Developer,168,Hard,React JS & AI Copilot,Growing,Medium,69,10.28
2023,Software Engineer,177,Medium,Cloud Computing & System Design,Growing,Medium,79,10.84
2026,Manual QA Tester,30,Hard,Basic Manual Testing,Declining,Low,27,2.99
2023,Data Analyst,173,Medium,"Python, SQL & Power BI",Growing,Medium,73,7.61
2022,Software Engineer,197,Easy,Java / C++,Growing,High,33,6.64
2025,Manual QA Tester,10,Hard,Basic Manual Testing,Declining,Low,38,2.55
2021,Data Analyst,219,Hard,SQL & Excel,Growing,High,36,6.58
2025,AI Prompt Engineer,156,Medium,LLMs & Prompt Engineering,High Growth,Low,83,10.42
2026,Data Entry Operator,12,Hard,Basic Data Entry,Declining,Low,36,3.05
2024,Manual QA Tester,10,Hard,Basic Manual Testing,Declining,Low,36,2.57
2024,Data Entry Operator,27,Hard,Basic Data Entry,Declining,Low,36,2.04
2024,Software Engineer,177,Hard,Cloud Computing & System Design,Growing,Low,87,7.41
2023,Manual QA Tester,28,Hard,Basic Manual Testing,Declining,Low,25,2.82
2021,Software Engineer,176,Medium,Java / C++,Growing,High,34,4.86
2026,Software Engineer,118,Hard,Cloud Computing & System Design,Growing,High,74,10.85
2024,Data Entry Operator,32,Hard,Basic Data Entry,Declining,Low,21,3.31
2023,Web Developer,171,Medium,React JS & AI Copilot,Growing,Medium,67,11.1
2023,Software Engineer,179,Medium,Cloud Computing & System Design,Growing,High,76,7.73
2023,Manual QA Tester,36,Hard,Basic Manual Testing,Declining,Low,31,2.93
2021,Manual QA Tester,124,Easy,Manual Test Cases,Stable,Medium,43,3.68
2026,Data Analyst,118,Hard,"Python, SQL & Power BI",Growing,High,79,8.29
2021,Manual QA Tester,134,Easy,Manual Test Cases,Stable,Medium,36,3.67
2026,Manual QA Tester,29,Hard,Basic Manual Testing,Declining,Low,37,3.41
2021,Web Developer,166,Easy,HTML/CSS/JavaScript,Growing,High,39,6.14
2024,AI Prompt Engineer,140,Hard,LLMs & Prompt Engineering,High Growth,Low,83,9.43
2021,Data Entry Operator,129,Easy,Excel & Typing,Stable,High,32,3.61
2022,Data Entry Operator,141,Easy,Excel & Typing,Stable,High,35,3.39
2023,Manual QA Tester,29,Hard,Basic Manual Testing,Declining,Low,28,2.14
2024,Software Engineer,165,Medium,Cloud Computing & System Design,Growing,High,67,8.24
2023,Data Analyst,172,Hard,"Python, SQL & Power BI",Growing,Medium,73,9.15
2023,Data Entry Operator,11,Hard,Basic Data Entry,Declining,Low,23,3.42
2022,Web Developer,208,Medium,HTML/CSS/JavaScript,Growing,High,44,7.15
2023,AI Prompt Engineer,13,Hard,LLMs & Prompt Engineering,High Growth,Low,75,8.11
2024,Web Developer,108,Hard,React JS & AI Copilot,Growing,Low,68,10.35
2026,Data Analyst,131,Hard,"Python, SQL & Power BI",Growing,Low,81,8.99
2023,AI Prompt Engineer,27,Medium,LLMs & Prompt Engineering,High Growth,Low,89,9.81
2025,Software Engineer,172,Hard,Cloud Computing & System Design,Growing,Low,81,9.28
2021,Data Analyst,189,Medium,SQL & Excel,Growing,Medium,42,6.96
2024,Web Developer,168,Medium,React JS & AI Copilot,Growing,Low,75,8.75
2023,AI Prompt Engineer,35,Hard,LLMs & Prompt Engineering,High Growth,Low,90,10.33
2022,Software Engineer,208,Easy,Java / C++,Growing,High,33,6.86
2023,Data Analyst,164,Medium,"Python, SQL & Power BI",Growing,Low,72,6.41
2022,Web Developer,238,Easy,HTML/CSS/JavaScript,Growing,Medium,35,7.1
2021,Software Engineer,205,Medium,Java / C++,Growing,Medium,47,5.73
2022,Software Engineer,189,Medium,Java / C++,Growing,High,35,6.45
2025,Data Entry Operator,27,Hard,Basic Data Entry,Declining,Low,21,2.75
2023,Data Analyst,156,Medium,"Python, SQL & Power BI",Growing,Medium,71,6.34
2026,Data Entry Operator,37,Hard,Basic Data Entry,Declining,Low,34,2.42
2023,AI Prompt Engineer,15,Hard,LLMs & Prompt Engineering,High Growth,Medium,80,8.78
2025,Manual QA Tester,19,Hard,Basic Manual Testing,Declining,Low,37,3.32
2025,Data Entry Operator,28,Hard,Basic Data Entry,Declining,Low,22,3.21
2021,Data Entry Operator,142,Easy,Excel & Typing,Stable,Medium,39,3.61
2022,Data Entry Operator,174,Easy,Excel & Typing,Stable,Medium,42,3.71
2025,Data Entry Operator,25,Hard,Basic Data Entry,Declining,Low,20,2.48
2025,Web Developer,105,Hard,React JS & AI Copilot,Growing,Medium,86,9.13
2025,Data Analyst,175,Hard,"Python, SQL & Power BI",Growing,Low,89,6.08
2021,Manual QA Tester,151,Easy,Manual Test Cases,Stable,High,42,2.84
2025,Web Developer,165,Hard,React JS & AI Copilot,Growing,Low,86,9.25
2026,Web Developer,131,Hard,React JS & AI Copilot,Growing,Medium,74,9.81
2023,Data Entry Operator,43,Hard,Basic Data Entry,Declining,Low,28,2.32
2023,AI Prompt Engineer,16,Medium,LLMs & Prompt Engineering,High Growth,Low,93,10.35
2026,Data Entry Operator,33,Hard,Basic Data Entry,Declining,Low,27,3.48
2021,Web Developer,216,Medium,HTML/CSS/JavaScript,Growing,High,48,6.61
2021,Manual QA Tester,132,Medium,Manual Test Cases,Stable,High,48,3.45
2025,Web Developer,163,Hard,React JS & AI Copilot,Growing,Medium,88,10.15
2025,Manual QA Tester,35,Hard,Basic Manual Testing,Declining,Low,36,3.02
2022,Web Developer,211,Medium,HTML/CSS/JavaScript,Growing,Medium,30,4.71
2025,Software Engineer,178,Hard,Cloud Computing & System Design,Growing,Medium,80,6.06
2024,Web Developer,155,Hard,React JS & AI Copilot,Growing,Low,80,7.22
2024,Software Engineer,170,Hard,Cloud Computing & System Design,Growing,High,66,8.43
2023,Software Engineer,152,Hard,Cloud Computing & System Design,Growing,Medium,82,11.41
2022,Software Engineer,206,Medium,Java / C++,Growing,High,44,7.04
2024,Web Developer,148,Medium,React JS & AI Copilot,Growing,Medium,77,11.94
2024,Manual QA Tester,38,Hard,Basic Manual Testing,Declining,Low,22,2.33
2026,AI Prompt Engineer,163,Hard,LLMs & Prompt Engineering,High Growth,Low,78,11.25
2024,Software Engineer,129,Medium,Cloud Computing & System Design,Growing,Medium,81,8.24
2024,Data Analyst,160,Medium,"Python, SQL & Power BI",Growing,High,68,10.6
2022,Data Analyst,211,Medium,SQL & Excel,Growing,Medium,42,6.05
2021,Software Engineer,178,Easy,Java / C++,Growing,High,41,6.49
2024,AI Prompt Engineer,128,Medium,LLMs & Prompt Engineering,High Growth,Medium,77,11.03
2022,Data Entry Operator,131,Easy,Excel & Typing,Stable,Medium,39,3.57
2026,Software Engineer,156,Medium,Cloud Computing & System Design,Growing,Medium,76,10.35
2023,Web Developer,101,Medium,React JS & AI Copilot,Growing,Medium,87,9.96
2021,Software Engineer,216,Hard,Java / C++,Growing,High,44,6.41
2021,Software Engineer,162,Medium,Java / C++,Growing,High,43,6.97
2022,Manual QA Tester,151,Medium,Manual Test Cases,Stable,Medium,33,2.78
2024,Data Analyst,175,Medium,"Python, SQL & Power BI",Growing,Medium,69,7.56
2026,Manual QA Tester,30,Hard,Basic Manual Testing,Declining,Low,22,3.24
2024,AI Prompt Engineer,149,Hard,LLMs & Prompt Engineering,High Growth,Low,88,14.22
2025,Manual QA Tester,27,Hard,Basic Manual Testing,Declining,Low,21,3.12
2021,Software Engineer,197,Medium,Java / C++,Growing,Medium,35,7.21
2025,Software Engineer,160,Hard,Cloud Computing & System Design,Growing,Low,67,9.43
2025,Manual QA Tester,44,Hard,Basic Manual Testing,Declining,Low,39,3.34
2025,Software Engineer,153,Hard,Cloud Computing & System Design,Growing,Medium,80,7.87
2026,AI Prompt Engineer,130,Hard,LLMs & Prompt Engineering,High Growth,Low,78,8.27
2023,Data Analyst,102,Hard,"Python, SQL & Power BI",Growing,Low,74,8.34
2024,Manual QA Tester,38,Hard,Basic Manual Testing,Declining,Low,38,2.66
2022,Manual QA Tester,167,Easy,Manual Test Cases,Stable,High,49,3.89
2026,Data Analyst,154,Hard,"Python, SQL & Power BI",Growing,Medium,69,11.97
2024,Data Analyst,103,Hard,"Python, SQL & Power BI",Growing,Medium,70,9.56
2023,Software Engineer,160,Hard,Cloud Computing & System Design,Growing,Medium,82,6.66
2023,Manual QA Tester,14,Hard,Basic Manual Testing,Declining,Low,28,2.97
2021,Web Developer,214,Medium,HTML/CSS/JavaScript,Growing,High,48,6.3
2024,AI Prompt Engineer,185,Hard,LLMs & Prompt Engineering,High Growth,Low,88,9.19
2024,Data Analyst,132,Hard,"Python, SQL & Power BI",Growing,Medium,76,8.73
2024,AI Prompt Engineer,137,Hard,LLMs & Prompt Engineering,High Growth,Low,87,9.08
2025,Web Developer,165,Hard,React JS & AI Copilot,Growing,Medium,72,6.57
2023,AI Prompt Engineer,29,Medium,LLMs & Prompt Engineering,High Growth,Low,91,12.25
2024,AI Prompt Engineer,161,Hard,LLMs & Prompt Engineering,High Growth,Low,89,12.78
2023,Manual QA Tester,32,Hard,Basic Manual Testing,Declining,Low,28,3.5
2024,Manual QA Tester,26,Hard,Basic Manual Testing,Declining,Low,34,2.9
2021,Manual QA Tester,179,Easy,Manual Test Cases,Stable,High,49,3.96
2021,Web Developer,160,Medium,HTML/CSS/JavaScript,Growing,Medium,48,5.75
2022,Data Analyst,237,Easy,SQL & Excel,Growing,High,47,5.0
2025,Data Entry Operator,12,Hard,Basic Data Entry,Declining,Low,24,3.14
2024,Software Engineer,163,Medium,Cloud Computing & System Design,Growing,Medium,74,7.54
2021,Data Entry Operator,156,Easy,Excel & Typing,Stable,High,33,3.85
2022,Software Engineer,180,Easy,Java / C++,Growing,Medium,31,6.19
2026,Manual QA Tester,19,Hard,Basic Manual Testing,Declining,Low,27,2.46
2023,Data Entry Operator,32,Hard,Basic Data Entry,Declining,Low,36,2.66
2022,Web Developer,158,Easy,HTML/CSS/JavaScript,Growing,Medium,31,5.54
2022,Software Engineer,164,Easy,Java / C++,Growing,Medium,46,4.63
2025,Web Developer,131,Hard,React JS & AI Copilot,Growing,Medium,85,8.94
2021,Data Entry Operator,179,Easy,Excel & Typing,Stable,High,48,3.79
2022,Data Entry Operator,132,Medium,Excel & Typing,Stable,High,37,3.73
2026,Software Engineer,176,Hard,Cloud Computing & System Design,Growing,Medium,86,7.38
2021,Manual QA Tester,157,Medium,Manual Test Cases,Stable,High,35,2.75
2023,Data Entry Operator,12,Hard,Basic Data Entry,Declining,Low,32,2.61
2026,Manual QA Tester,17,Hard,Basic Manual Testing,Declining,Low,27,2.56
2026,AI Prompt Engineer,131,Hard,LLMs & Prompt Engineering,High Growth,Low,86,11.9
2025,Manual QA Tester,34,Hard,Basic Manual Testing,Declining,Low,28,2.38
2025,Data Analyst,121,Hard,"Python, SQL & Power BI",Growing,Medium,74,10.76
2024,Data Entry Operator,22,Hard,Basic Data Entry,Declining,Low,36,2.23
2021,Web Developer,173,Medium,HTML/CSS/JavaScript,Growing,High,46,7.26
2025,AI Prompt Engineer,171,Medium,LLMs & Prompt Engineering,High Growth,Medium,87,11.28
2021,Data Entry Operator,174,Easy,Excel & Typing,Stable,Medium,45,3.14
2021,Software Engineer,242,Medium,Java / C++,Growing,Medium,47,5.93
2023,Manual QA Tester,39,Hard,Basic Manual Testing,Declining,Low,35,2.51
2023,Data Entry Operator,24,Hard,Basic Data Entry,Declining,Low,28,2.7
2024,Manual QA Tester,32,Hard,Basic Manual Testing,Declining,Low,39,2.42
2021,Data Entry Operator,120,Medium,Excel & Typing,Stable,Medium,44,3.63
2021,Data Entry Operator,176,Easy,Excel & Typing,Stable,Medium,43,2.92
2026,Data Entry Operator,10,Hard,Basic Data Entry,Declining,Low,30,3.2
2026,Software Engineer,110,Hard,Cloud Computing & System Design,Growing,Medium,65,7.42
2025,Manual QA Tester,30,Hard,Basic Manual Testing,Declining,Low,27,3.39
2026,AI Prompt Engineer,149,Medium,LLMs & Prompt Engineering,High Growth,Low,93,11.67
2021,Web Developer,237,Easy,HTML/CSS/JavaScript,Growing,High,40,7.38
2023,Data Entry Operator,26,Hard,Basic Data Entry,Declining,Low,25,3.02
2026,Data Entry Operator,11,Hard,Basic Data Entry,Declining,Low,25,3.42
2023,Data Entry Operator,13,Hard,Basic Data Entry,Declining,Low,36,2.42
2022,Manual QA Tester,160,Easy,Manual Test Cases,Stable,High,46,3.15
2023,Data Analyst,155,Hard,"Python, SQL & Power BI",Growing,Medium,82,11.95
2021,Data Entry Operator,169,Medium,Excel & Typing,Stable,High,45,2.59
2021,Data Entry Operator,164,Easy,Excel & Typing,Stable,High,43,3.25
2022,Software Engineer,175,Medium,Java / C++,Growing,High,38,5.32
2023,Software Engineer,123,Hard,Cloud Computing & System Design,Growing,Low,80,10.71
2023,Data Entry Operator,35,Hard,Basic Data Entry,Declining,Low,34,2.6
2022,Data Entry Operator,142,Easy,Excel & Typing,Stable,Medium,33,2.66
2026,Web Developer,165,Medium,React JS & AI Copilot,Growing,Medium,89,11.18
2024,AI Prompt Engineer,184,Hard,LLMs & Prompt Engineering,High Growth,Low,80,12.78
2022,Data Analyst,195,Medium,SQL & Excel,Growing,High,44,6.25
2022,Manual QA Tester,167,Easy,Manual Test Cases,Stable,High,40,2.52
2023,Data Analyst,120,Hard,"Python, SQL & Power BI",Growing,Medium,87,10.2
2022,Data Analyst,221,Medium,SQL & Excel,Growing,High,46,6.9
2025,Data Analyst,152,Hard,"Python, SQL & Power BI",Growing,High,77,9.51
2025,Web Developer,158,Hard,React JS & AI Copilot,Growing,Low,83,9.95
2024,Data Entry Operator,21,Hard,Basic Data Entry,Declining,Low,26,2.26
2023,Manual QA Tester,37,Hard,Basic Manual Testing,Declining,Low,28,2.05
2022,Manual QA Tester,174,Easy,Manual Test Cases,Stable,High,31,2.54
2021,Software Engineer,150,Easy,Java / C++,Growing,High,44,6.23
2026,Data Analyst,120,Hard,"Python, SQL & Power BI",Growing,High,67,8.1
2026,Web Developer,116,Hard,React JS & AI Copilot,Growing,High,70,8.8
2026,Manual QA Tester,15,Hard,Basic Manual Testing,Declining,Low,22,2.33
2025,AI Prompt Engineer,126,Hard,LLMs & Prompt Engineering,High Growth,Medium,77,8.12
2025,AI Prompt Engineer,157,Hard,LLMs & Prompt Engineering,High Growth,Low,89,11.33
2024,AI Prompt Engineer,169,Hard,LLMs & Prompt Engineering,High Growth,Low,78,11.94
2026,AI Prompt Engineer,112,Medium,LLMs & Prompt Engineering,High Growth,Medium,89,12.29
2023,Data Entry Operator,44,Hard,Basic Data Entry,Declining,Low,36,2.97
2024,Data Entry Operator,44,Hard,Basic Data Entry,Declining,Low,35,2.07
2025,Manual QA Tester,26,Hard,Basic Manual Testing,Declining,Low,26,2.38
2021,Software Engineer,219,Medium,Java / C++,Growing,High,42,6.47
2026,Data Entry Operator,25,Hard,Basic Data Entry,Declining,Low,35,2.06
2025,Data Analyst,127,Hard,"Python, SQL & Power BI",Growing,Low,67,7.39
2023,Web Developer,144,Hard,React JS & AI Copilot,Growing,High,76,11.5
2022,Manual QA Tester,149,Medium,Manual Test Cases,Stable,High,32,3.3
2025,Manual QA Tester,38,Hard,Basic Manual Testing,Declining,Low,26,3.1
2023,AI Prompt Engineer,22,Hard,LLMs & Prompt Engineering,High Growth,Medium,88,8.75
2025,AI Prompt Engineer,131,Hard,LLMs & Prompt Engineering,High Growth,Medium,83,10.16
2024,AI Prompt Engineer,162,Medium,LLMs & Prompt Engineering,High Growth,Medium,91,12.88
2024,Web Developer,140,Medium,React JS & AI Copilot,Growing,Low,88,10.83
2026,Web Developer,121,Hard,React JS & AI Copilot,Growing,Medium,74,6.15
2024,Data Entry Operator,32,Hard,Basic Data Entry,Declining,Low,33,3.03
2021,Software Engineer,232,Medium,Java / C++,Growing,Medium,39,5.76
2024,AI Prompt Engineer,124,Medium,LLMs & Prompt Engineering,High Growth,Medium,90,11.1
2022,Software Engineer,207,Easy,Java / C++,Growing,Medium,43,6.91
2021,Software Engineer,247,Easy,Java / C++,Growing,High,45,5.2
2025,Manual QA Tester,31,Hard,Basic Manual Testing,Declining,Low,32,2.46
2021,Software Engineer,191,Hard,Java / C++,Growing,Medium,41,5.14
2021,Software Engineer,155,Medium,Java / C++,Growing,High,45,5.44
2022,Data Entry Operator,158,Easy,Excel & Typing,Stable,High,33,2.59
2023,Software Engineer,178,Medium,Cloud Computing & System Design,Growing,Low,79,9.08
2024,Data Entry Operator,22,Hard,Basic Data Entry,Declining,Low,30,3.21
2025,Web Developer,135,Hard,React JS & AI Copilot,Growing,Low,80,7.16
2026,Manual QA Tester,21,Hard,Basic Manual Testing,Declining,Low,24,2.13
2026,Data Analyst,170,Medium,"Python, SQL & Power BI",Growing,Medium,69,10.37
2024,AI Prompt Engineer,151,Medium,LLMs & Prompt Engineering,High Growth,Low,79,13.32
2024,Manual QA Tester,29,Hard,Basic Manual Testing,Declining,Low,25,2.52
2022,Software Engineer,218,Medium,Java / C++,Growing,High,47,6.25
2023,Data Analyst,112,Medium,"Python, SQL & Power BI",Growing,Low,68,11.32
2024,Data Entry Operator,18,Hard,Basic Data Entry,Declining,Low,26,2.17
2026,AI Prompt Engineer,178,Hard,LLMs & Prompt Engineering,High Growth,Low,78,8.74
2025,Data Entry Operator,32,Hard,Basic Data Entry,Declining,Low,30,2.54
2022,Data Entry Operator,132,Medium,Excel & Typing,Stable,High,31,2.73
2024,Software Engineer,130,Hard,Cloud Computing & System Design,Growing,Medium,83,11.91
2022,Software Engineer,215,Easy,Java / C++,Growing,High,31,6.19
2026,Manual QA Tester,40,Hard,Basic Manual Testing,Declining,Low,30,2.42
2023,Manual QA Tester,13,Hard,Basic Manual Testing,Declining,Low,26,2.02
2022,Data Entry Operator,130,Medium,Excel & Typing,Stable,High,30,2.94
2024,Manual QA Tester,16,Hard,Basic Manual Testing,Declining,Low,21,2.9
2024,Data Entry Operator,28,Hard,Basic Data Entry,Declining,Low,30,3.47
2023,Software Engineer,166,Hard,Cloud Computing & System Design,Growing,Medium,81,11.66
2021,Data Analyst,187,Easy,SQL & Excel,Growing,High,49,4.56
2022,Data Entry Operator,132,Easy,Excel & Typing,Stable,Medium,30,3.48
2025,AI Prompt Engineer,179,Medium,LLMs & Prompt Engineering,High Growth,Medium,92,8.31
2021,Data Analyst,161,Easy,SQL & Excel,Growing,High,31,5.9
2021,Data Analyst,197,Easy,SQL & Excel,Growing,High,31,6.39
2021,Software Engineer,180,Medium,Java / C++,Growing,High,31,5.69
2024,Manual QA Tester,37,Hard,Basic Manual Testing,Declining,Low,39,2.85
2025,Data Analyst,177,Hard,"Python, SQL & Power BI",Growing,High,66,11.5
2024,AI Prompt Engineer,169,Hard,LLMs & Prompt Engineering,High Growth,Medium,88,13.49
2025,Data Entry Operator,34,Hard,Basic Data Entry,Declining,Low,20,3.26
2024,Data Analyst,137,Medium,"Python, SQL & Power BI",Growing,High,80,7.31
2024,Manual QA Tester,23,Hard,Basic Manual Testing,Declining,Low,26,2.02
2026,Data Entry Operator,25,Hard,Basic Data Entry,Declining,Low,36,3.0
2026,Manual QA Tester,16,Hard,Basic Manual Testing,Declining,Low,33,2.2
2024,Web Developer,140,Hard,React JS & AI Copilot,Growing,Medium,69,6.62
2024,Software Engineer,177,Medium,Cloud Computing & System Design,Growing,High,67,8.14
2023,AI Prompt Engineer,31,Medium,LLMs & Prompt Engineering,High Growth,Low,87,14.7
2023,Manual QA Tester,18,Hard,Basic Manual Testing,Declining,Low,25,3.22
2026,Data Analyst,144,Hard,"Python, SQL & Power BI",Growing,Medium,72,6.57
2024,Data Entry Operator,32,Hard,Basic Data Entry,Declining,Low,30,3.24
2026,Software Engineer,128,Medium,Cloud Computing & System Design,Growing,High,84,9.5
2021,Data Analyst,230,Medium,SQL & Excel,Growing,High,30,7.08
2025,Software Engineer,132,Hard,Cloud Computing & System Design,Growing,High,76,10.16
2025,Data Entry Operator,18,Hard,Basic Data Entry,Declining,Low,26,3.31
2026,Software Engineer,144,Hard,Cloud Computing & System Design,Growing,Medium,89,7.71
2024,Manual QA Tester,31,Hard,Basic Manual Testing,Declining,Low,30,2.29
2024,Data Analyst,125,Medium,"Python, SQL & Power BI",Growing,Medium,73,6.52
2023,Software Engineer,111,Hard,Cloud Computing & System Design,Growing,High,75,9.83
2023,Software Engineer,137,Hard,Cloud Computing & System Design,Growing,Medium,70,7.51
2026,Web Developer,141,Medium,React JS & AI Copilot,Growing,Low,72,9.5
2026,Software Engineer,160,Hard,Cloud Computing & System Design,Growing,Low,70,9.34
2023,Software Engineer,136,Medium,Cloud Computing & System Design,Growing,Medium,89,11.85
2025,AI Prompt Engineer,153,Medium,LLMs & Prompt Engineering,High Growth,Low,85,14.51
2026,Data Analyst,110,Hard,"Python, SQL & Power BI",Growing,Medium,77,6.72
2024,Software Engineer,156,Hard,Cloud Computing & System Design,Growing,High,83,6.46
2026,AI Prompt Engineer,134,Hard,LLMs & Prompt Engineering,High Growth,Low,90,8.8
2024,Manual QA Tester,24,Hard,Basic Manual Testing,Declining,Low,33,3.32
2023,AI Prompt Engineer,19,Hard,LLMs & Prompt Engineering,High Growth,Low,94,10.78
2021,Data Analyst,231,Easy,SQL & Excel,Growing,Medium,46,5.04
2021,Manual QA Tester,152,Easy,Manual Test Cases,Stable,High,49,3.09
2022,Data Entry Operator,173,Easy,Excel & Typing,Stable,Medium,40,3.33
2026,Data Analyst,172,Medium,"Python, SQL & Power BI",Growing,High,88,10.82
2022,Data Entry Operator,176,Easy,Excel & Typing,Stable,High,43,2.94
2023,Software Engineer,158,Hard,Cloud Computing & System Design,Growing,Medium,71,11.64
2022,Web Developer,215,Medium,HTML/CSS/JavaScript,Growing,Medium,40,6.99
2022,Data Analyst,150,Easy,SQL & Excel,Growing,High,36,7.46
2022,Manual QA Tester,127,Medium,Manual Test Cases,Stable,High,41,3.2
2022,Software Engineer,182,Easy,Java / C++,Growing,Medium,39,6.86
2026,Software Engineer,138,Hard,Cloud Computing & System Design,Growing,High,87,7.36
2023,AI Prompt Engineer,30,Hard,LLMs & Prompt Engineering,High Growth,Low,86,8.38
2023,Software Engineer,137,Medium,Cloud Computing & System Design,Growing,Medium,75,10.96
2022,Data Entry Operator,163,Medium,Excel & Typing,Stable,High,31,3.2
2021,Manual QA Tester,150,Easy,Manual Test Cases,Stable,High,45,3.41
2024,Software Engineer,148,Hard,Cloud Computing & System Design,Growing,High,69,9.63
2022,Manual QA Tester,178,Easy,Manual Test Cases,Stable,High,39,2.62
2025,Software Engineer,102,Medium,Cloud Computing & System Design,Growing,Medium,79,9.59
2024,AI Prompt Engineer,176,Hard,LLMs & Prompt Engineering,High Growth,Low,82,13.87
2024,Data Entry Operator,30,Hard,Basic Data Entry,Declining,Low,22,2.11
2025,Software Engineer,108,Hard,Cloud Computing & System Design,Growing,Low,89,11.51
2026,Data Analyst,140,Hard,"Python, SQL & Power BI",Growing,Medium,76,6.27
2023,AI Prompt Engineer,17,Medium,LLMs & Prompt Engineering,High Growth,Medium,86,14.89
2024,Data Analyst,177,Medium,"Python, SQL & Power BI",Growing,Medium,75,10.14
2025,Software Engineer,124,Medium,Cloud Computing & System Design,Growing,Medium,78,7.72
2023,Data Entry Operator,37,Hard,Basic Data Entry,Declining,Low,38,2.5
2021,Data Entry Operator,165,Medium,Excel & Typing,Stable,High,33,2.56
2022,Software Engineer,243,Medium,Java / C++,Growing,Medium,45,5.01
2024,AI Prompt Engineer,181,Hard,LLMs & Prompt Engineering,High Growth,Low,87,11.33
2024,Manual QA Tester,20,Hard,Basic Manual Testing,Declining,Low,38,3.49
2025,Data Analyst,113,Hard,"Python, SQL & Power BI",Growing,Medium,73,9.78
2023,AI Prompt Engineer,32,Medium,LLMs & Prompt Engineering,High Growth,Medium,86,13.12
2024,Data Entry Operator,42,Hard,Basic Data Entry,Declining,Low,38,2.78
2024,Manual QA Tester,35,Hard,Basic Manual Testing,Declining,Low,22,2.21
2023,AI Prompt Engineer,22,Hard,LLMs & Prompt Engineering,High Growth,Low,90,12.43
2023,Data Entry Operator,17,Hard,Basic Data Entry,Declining,Low,31,3.1
2026,Manual QA Tester,35,Hard,Basic Manual Testing,Declining,Low,27,2.19
2021,Web Developer,213,Medium,HTML/CSS/JavaScript,Growing,High,48,6.6
2026,Manual QA Tester,27,Hard,Basic Manual Testing,Declining,Low,34,2.24
2021,Software Engineer,237,Medium,Java / C++,Growing,High,47,4.58
2022,Data Analyst,240,Medium,SQL & Excel,Growing,High,35,6.2
2025,Data Analyst,139,Hard,"Python, SQL & Power BI",Growing,Medium,87,7.9
2026,Manual QA Tester,37,Hard,Basic Manual Testing,Declining,Low,36,3.04
2022,Web Developer,155,Hard,HTML/CSS/JavaScript,Growing,High,38,5.23
2026,Manual QA Tester,20,Hard,Basic Manual Testing,Declining,Low,33,2.16
2023,Manual QA Tester,44,Hard,Basic Manual Testing,Declining,Low,20,2.14
2022,Web Developer,184,Medium,HTML/CSS/JavaScript,Growing,High,42,5.09
2025,Web Developer,115,Hard,React JS & AI Copilot,Growing,Low,83,9.67
2026,Software Engineer,172,Hard,Cloud Computing & System Design,Growing,High,66,7.09
2022,Data Analyst,155,Medium,SQL & Excel,Growing,High,42,4.7
2021,Software Engineer,159,Medium,Java / C++,Growing,High,39,5.14
2024,Data Entry Operator,18,Hard,Basic Data Entry,Declining,Low,34,2.58
2021,Manual QA Tester,136,Easy,Manual Test Cases,Stable,Medium,33,2.73
2024,Manual QA Tester,14,Hard,Basic Manual Testing,Declining,Low,39,3.21
2022,Manual QA Tester,164,Medium,Manual Test Cases,Stable,Medium,39,2.93
2023,AI Prompt Engineer,18,Medium,LLMs & Prompt Engineering,High Growth,Medium,79,8.97
2025,Data Entry Operator,22,Hard,Basic Data Entry,Declining,Low,31,2.53
2024,Web Developer,151,Hard,React JS & AI Copilot,Growing,Medium,87,9.72
2025,Manual QA Tester,23,Hard,Basic Manual Testing,Declining,Low,38,3.33
2021,Data Analyst,151,Hard,SQL & Excel,Growing,High,46,5.78
2024,Data Analyst,169,Hard,"Python, SQL & Power BI",Growing,High,75,9.87
2025,Software Engineer,158,Medium,Cloud Computing & System Design,Growing,Medium,80,10.87
2021,Data Entry Operator,174,Medium,Excel & Typing,Stable,Medium,41,2.71
2023,AI Prompt Engineer,13,Medium,LLMs & Prompt Engineering,High Growth,Low,90,11.4
2023,Data Analyst,179,Hard,"Python, SQL & Power BI",Growing,Low,77,11.15
2023,Data Analyst,133,Medium,"Python, SQL & Power BI",Growing,Low,82,11.67
2025,AI Prompt Engineer,124,Medium,LLMs & Prompt Engineering,High Growth,Low,85,11.57
2023,AI Prompt Engineer,11,Medium,LLMs & Prompt Engineering,High Growth,Medium,88,11.12
2025,AI Prompt Engineer,155,Medium,LLMs & Prompt Engineering,High Growth,Low,93,14.62
2026,Software Engineer,170,Medium,Cloud Computing & System Design,Growing,Low,72,10.07
2024,Software Engineer,102,Medium,Cloud Computing & System Design,Growing,High,65,8.85
2026,Data Entry Operator,32,Hard,Basic Data Entry,Declining,Low,28,3.23
2022,Manual QA Tester,156,Easy,Manual Test Cases,Stable,High,33,3.41
2023,Manual QA Tester,41,Hard,Basic Manual Testing,Declining,Low,22,3.06
2026,Software Engineer,113,Hard,Cloud Computing & System Design,Growing,Medium,81,7.83
2024,Data Analyst,149,Hard,"Python, SQL & Power BI",Growing,Medium,79,11.77
2022,Data Entry Operator,122,Easy,Excel & Typing,Stable,High,44,3.8
2022,Manual QA Tester,168,Easy,Manual Test Cases,Stable,High,49,2.58
2024,AI Prompt Engineer,192,Hard,LLMs & Prompt Engineering,High Growth,Low,80,8.44
2023,AI Prompt Engineer,11,Medium,LLMs & Prompt Engineering,High Growth,Low,94,10.96
2025,AI Prompt Engineer,134,Hard,LLMs & Prompt Engineering,High Growth,Low,91,8.96
2022,Data Analyst,247,Medium,SQL & Excel,Growing,Medium,36,5.43
2021,Manual QA Tester,170,Easy,Manual Test Cases,Stable,High,45,2.81
2025,Data Analyst,156,Medium,"Python, SQL & Power BI",Growing,Medium,86,11.06
2026,Data Analyst,154,Hard,"Python, SQL & Power BI",Growing,Low,65,10.34
2021,Web Developer,153,Easy,HTML/CSS/JavaScript,Growing,Medium,33,4.72
2023,Web Developer,127,Medium,React JS & AI Copilot,Growing,Low,70,6.65
2022,Data Analyst,162,Easy,SQL & Excel,Growing,High,46,5.86
2021,Manual QA Tester,136,Medium,Manual Test Cases,Stable,High,39,3.8
2023,AI Prompt Engineer,35,Hard,LLMs & Prompt Engineering,High Growth,Medium,81,11.38
2022,Software Engineer,217,Hard,Java / C++,Growing,High,30,7.07
2023,Manual QA Tester,30,Hard,Basic Manual Testing,Declining,Low,33,3.29
2024,Data Analyst,150,Medium,"Python, SQL & Power BI",Growing,High,84,10.97
2026,Web Developer,153,Medium,React JS & AI Copilot,Growing,Medium,79,7.11
2026,Web Developer,154,Medium,React JS & AI Copilot,Growing,Medium,86,11.86
2026,Manual QA Tester,43,Hard,Basic Manual Testing,Declining,Low,20,3.43
2022,Data Analyst,236,Easy,SQL & Excel,Growing,High,43,6.85
2026,Software Engineer,155,Medium,Cloud Computing & System Design,Growing,Medium,66,11.46
2025,Web Developer,151,Hard,React JS & AI Copilot,Growing,High,65,11.73
2023,Manual QA Tester,25,Hard,Basic Manual Testing,Declining,Low,31,2.66
2026,Data Analyst,179,Medium,"Python, SQL & Power BI",Growing,Low,75,6.09
2023,Data Entry Operator,16,Hard,Basic Data Entry,Declining,Low,31,2.43
2026,Manual QA Tester,13,Hard,Basic Manual Testing,Declining,Low,33,2.82
2023,Data Analyst,109,Medium,"Python, SQL & Power BI",Growing,Medium,76,10.78
2021,Data Entry Operator,172,Easy,Excel & Typing,Stable,High,44,3.69
2026,Manual QA Tester,42,Hard,Basic Manual Testing,Declining,Low,32,3.43
2024,Software Engineer,125,Hard,Cloud Computing & System Design,Growing,Medium,87,8.35
2021,Manual QA Tester,135,Medium,Manual Test Cases,Stable,High,30,3.07
2026,Manual QA Tester,35,Hard,Basic Manual Testing,Declining,Low,22,2.94
2025,Data Analyst,140,Hard,"Python, SQL & Power BI",Growing,Low,82,11.54
2021,Web Developer,245,Hard,HTML/CSS/JavaScript,Growing,High,49,6.36
2022,Data Analyst,246,Easy,SQL & Excel,Growing,High,46,5.21
2022,Software Engineer,190,Medium,Java / C++,Growing,High,45,6.78
2024,Web Developer,163,Hard,React JS & AI Copilot,Growing,Low,66,8.27
2022,Manual QA Tester,130,Easy,Manual Test Cases,Stable,High,30,3.41
2023,Manual QA Tester,33,Hard,Basic Manual Testing,Declining,Low,27,2.31
2021,Web Developer,245,Medium,HTML/CSS/JavaScript,Growing,High,31,4.87
2021,Data Entry Operator,167,Easy,Excel & Typing,Stable,Medium,47,3.57
2025,Manual QA Tester,27,Hard,Basic Manual Testing,Declining,Low,29,2.8
2022,Data Analyst,194,Easy,SQL & Excel,Growing,High,34,5.62
2021,Manual QA Tester,178,Medium,Manual Test Cases,Stable,High,47,3.4
2023,Data Entry Operator,18,Hard,Basic Data Entry,Declining,Low,32,2.39
2024,Manual QA Tester,28,Hard,Basic Manual Testing,Declining,Low,39,2.73
2022,Data Analyst,231,Medium,SQL & Excel,Growing,High,46,5.07
2021,Data Analyst,182,Medium,SQL & Excel,Growing,High,41,5.44
2023,Software Engineer,148,Hard,Cloud Computing & System Design,Growing,Medium,84,10.75
2026,AI Prompt Engineer,145,Hard,LLMs & Prompt Engineering,High Growth,Medium,75,8.36
2022,Software Engineer,178,Medium,Java / C++,Growing,High,37,6.36
2024,Web Developer,177,Hard,React JS & AI Copilot,Growing,Medium,71,8.91
2021,Manual QA Tester,171,Easy,Manual Test Cases,Stable,High,32,3.09
2022,Software Engineer,161,Hard,Java / C++,Growing,Medium,46,6.11
2026,AI Prompt Engineer,197,Hard,LLMs & Prompt Engineering,High Growth,Low,90,8.01
2022,Data Analyst,226,Medium,SQL & Excel,Growing,Medium,44,7.02
2024,Data Analyst,119,Hard,"Python, SQL & Power BI",Growing,Medium,76,10.21
2024,AI Prompt Engineer,115,Medium,LLMs & Prompt Engineering,High Growth,Low,88,8.48
2024,AI Prompt Engineer,117,Medium,LLMs & Prompt Engineering,High Growth,Low,93,9.34
2023,AI Prompt Engineer,29,Hard,LLMs & Prompt Engineering,High Growth,Medium,90,10.49
2025,Software Engineer,114,Hard,Cloud Computing & System Design,Growing,High,87,10.73
2021,Software Engineer,175,Easy,Java / C++,Growing,High,46,5.47
2023,AI Prompt Engineer,17,Hard,LLMs & Prompt Engineering,High Growth,Low,88,9.86
2022,Data Entry Operator,153,Easy,Excel & Typing,Stable,High,43,3.59
2021,Software Engineer,150,Medium,Java / C++,Growing,High,48,6.3
2025,Data Analyst,103,Hard,"Python, SQL & Power BI",Growing,High,76,10.57
2022,Software Engineer,160,Medium,Java / C++,Growing,High,48,6.31
2021,Data Analyst,202,Medium,SQL & Excel,Growing,High,40,6.94
2024,Manual QA Tester,21,Hard,Basic Manual Testing,Declining,Low,33,3.28
2022,Manual QA Tester,169,Easy,Manual Test Cases,Stable,Medium,41,3.84
2021,Web Developer,210,Medium,HTML/CSS/JavaScript,Growing,Medium,35,5.51
2026,Data Analyst,105,Hard,"Python, SQL & Power BI",Growing,Low,88,7.95
2025,AI Prompt Engineer,184,Medium,LLMs & Prompt Engineering,High Growth,Low,75,11.0
2024,Web Developer,175,Medium,React JS & AI Copilot,Growing,High,78,10.97
2022,Data Analyst,172,Easy,SQL & Excel,Growing,High,40,4.66
2026,Manual QA Tester,40,Hard,Basic Manual Testing,Declining,Low,26,2.66
2025,Data Analyst,117,Medium,"Python, SQL & Power BI",Growing,Medium,84,8.69
2022,Manual QA Tester,143,Easy,Manual Test Cases,Stable,High,43,3.83
2025,Data Analyst,151,Hard,"Python, SQL & Power BI",Growing,Low,68,9.1
2025,Web Developer,167,Hard,React JS & AI Copilot,Growing,Medium,83,7.21
2023,AI Prompt Engineer,25,Medium,LLMs & Prompt Engineering,High Growth,Low,82,9.2
2025,Data Analyst,129,Medium,"Python, SQL & Power BI",Growing,Medium,67,11.11
2023,Data Analyst,175,Hard,"Python, SQL & Power BI",Growing,Low,82,8.26
2026,Data Entry Operator,11,Hard,Basic Data Entry,Declining,Low,24,2.59
2022,Data Entry Operator,179,Medium,Excel & Typing,Stable,High,37,2.74
2025,Manual QA Tester,20,Hard,Basic Manual Testing,Declining,Low,29,3.08
2021,Manual QA Tester,161,Easy,Manual Test Cases,Stable,High,44,3.5
2024,Software Engineer,114,Medium,Cloud Computing & System Design,Growing,Low,65,7.25
2024,Data Analyst,160,Medium,"Python, SQL & Power BI",Growing,Medium,80,7.52
2021,Software Engineer,172,Hard,Java / C++,Growing,Medium,42,5.53
2024,Manual QA Tester,34,Hard,Basic Manual Testing,Declining,Low,31,2.67
2025,Web Developer,108,Hard,React JS & AI Copilot,Growing,Low,86,9.73
2023,Manual QA Tester,43,Hard,Basic Manual Testing,Declining,Low,33,2.28
2022,Manual QA Tester,130,Medium,Manual Test Cases,Stable,High,43,2.91
2021,Web Developer,223,Easy,HTML/CSS/JavaScript,Growing,Medium,48,5.21
2025,Manual QA Tester,28,Hard,Basic Manual Testing,Declining,Low,38,2.31
2026,Data Entry Operator,40,Hard,Basic Data Entry,Declining,Low,37,2.07
2024,Web Developer,175,Medium,React JS & AI Copilot,Growing,Medium,73,11.22
2022,Software Engineer,227,Easy,Java / C++,Growing,Medium,31,6.32
2025,Data Analyst,178,Medium,"Python, SQL & Power BI",Growing,Low,84,7.8
2022,Web Developer,240,Medium,HTML/CSS/JavaScript,Growing,High,46,6.23
2026,Data Analyst,148,Hard,"Python, SQL & Power BI",Growing,Low,68,10.21
2021,Data Entry Operator,168,Easy,Excel & Typing,Stable,High,31,3.49
2023,Software Engineer,154,Hard,Cloud Computing & System Design,Growing,Low,80,9.22
2025,Software Engineer,167,Hard,Cloud Computing & System Design,Growing,Medium,68,10.54
2021,Software Engineer,198,Easy,Java / C++,Growing,Medium,47,4.59
2024,Data Entry Operator,40,Hard,Basic Data Entry,Declining,Low,39,2.08
2024,Manual QA Tester,30,Hard,Basic Manual Testing,Declining,Low,34,2.75
2025,Manual QA Tester,28,Hard,Basic Manual Testing,Declining,Low,32,2.29
2026,Data Entry Operator,29,Hard,Basic Data Entry,Declining,Low,39,3.46
2024,Web Developer,143,Medium,React JS & AI Copilot,Growing,Medium,66,8.06
2022,Data Analyst,218,Medium,SQL & Excel,Growing,High,36,5.26
2023,Data Entry Operator,30,Hard,Basic Data Entry,Declining,Low,27,2.19
2021,Software Engineer,158,Easy,Java / C++,Growing,High,46,4.56
2026,Data Entry Operator,28,Hard,Basic Data Entry,Declining,Low,23,2.84
2025,AI Prompt Engineer,196,Hard,LLMs & Prompt Engineering,High Growth,Low,78,11.34
2022,Software Engineer,207,Medium,Java / C++,Growing,Medium,36,7.34
2026,Data Entry Operator,29,Hard,Basic Data Entry,Declining,Low,25,2.42
2024,Manual QA Tester,30,Hard,Basic Manual Testing,Declining,Low,37,2.49
2021,Manual QA Tester,120,Easy,Manual Test Cases,Stable,Medium,30,3.73
2023,Web Developer,139,Medium,React JS & AI Copilot,Growing,Medium,70,6.38
2024,Data Entry Operator,43,Hard,Basic Data Entry,Declining,Low,35,3.42
2023,Manual QA Tester,22,Hard,Basic Manual Testing,Declining,Low,36,3.36
2021,Manual QA Tester,175,Easy,Manual Test Cases,Stable,Medium,48,2.74
2022,Software Engineer,176,Easy,Java / C++,Growing,High,46,5.85
2024,Software Engineer,116,Medium,Cloud Computing & System Design,Growing,Low,86,9.23
2021,Data Entry Operator,157,Easy,Excel & Typing,Stable,High,33,2.59
2024,Manual QA Tester,18,Hard,Basic Manual Testing,Declining,Low,23,2.82
2026,Manual QA Tester,27,Hard,Basic Manual Testing,Declining,Low,29,3.49
2024,Data Analyst,116,Hard,"Python, SQL & Power BI",Growing,Low,87,8.31
2024,Web Developer,114,Medium,React JS & AI Copilot,Growing,Medium,67,9.46
2023,Manual QA Tester,21,Hard,Basic Manual Testing,Declining,Low,39,2.36
2021,Manual QA Tester,178,Easy,Manual Test Cases,Stable,High,44,3.47
2024,AI Prompt Engineer,117,Hard,LLMs & Prompt Engineering,High Growth,Medium,92,12.58
2021,Manual QA Tester,173,Medium,Manual Test Cases,Stable,High,37,3.49
2024,Data Analyst,137,Medium,"Python, SQL & Power BI",Growing,Medium,73,7.46
2023,Software Engineer,104,Hard,Cloud Computing & System Design,Growing,Medium,71,11.8
2021,Data Entry Operator,133,Easy,Excel & Typing,Stable,High,40,2.91
2024,Manual QA Tester,13,Hard,Basic Manual Testing,Declining,Low,34,2.58
2021,Web Developer,154,Medium,HTML/CSS/JavaScript,Growing,High,39,4.52
2024,Data Entry Operator,27,Hard,Basic Data Entry,Declining,Low,21,2.67
2026,Data Entry Operator,26,Hard,Basic Data Entry,Declining,Low,23,2.61
2021,Software Engineer,183,Easy,Java / C++,Growing,High,36,6.29
2022,Software Engineer,164,Easy,Java / C++,Growing,High,41,7.03
2022,Software Engineer,200,Easy,Java / C++,Growing,Medium,39,5.1
2021,Manual QA Tester,129,Easy,Manual Test Cases,Stable,High,33,2.86
2026,Software Engineer,168,Hard,Cloud Computing & System Design,Growing,High,77,8.2
2026,Data Entry Operator,33,Hard,Basic Data Entry,Declining,Low,22,3.2
2021,Manual QA Tester,150,Easy,Manual Test Cases,Stable,High,32,3.15
2025,Data Entry Operator,23,Hard,Basic Data Entry,Declining,Low,32,2.54
2021,Data Entry Operator,136,Medium,Excel & Typing,Stable,High,32,2.51
2024,Data Analyst,151,Medium,"Python, SQL & Power BI",Growing,Low,86,7.82
2023,Software Engineer,159,Hard,Cloud Computing & System Design,Growing,Low,84,11.11
2025,Web Developer,156,Hard,React JS & AI Copilot,Growing,Medium,88,8.75
2021,Software Engineer,184,Medium,Java / C++,Growing,High,42,5.5
2023,AI Prompt Engineer,16,Medium,LLMs & Prompt Engineering,High Growth,Low,94,11.63
2023,Manual QA Tester,16,Hard,Basic Manual Testing,Declining,Low,32,2.47
2021,Data Entry Operator,135,Easy,Excel & Typing,Stable,High,47,2.7
2021,Manual QA Tester,125,Easy,Manual Test Cases,Stable,Medium,43,3.85
2024,Web Developer,178,Hard,React JS & AI Copilot,Growing,Low,69,10.59
2021,Software Engineer,167,Medium,Java / C++,Growing,Medium,34,4.74
2026,Software Engineer,163,Hard,Cloud Computing & System Design,Growing,High,80,11.99
2021,Software Engineer,177,Medium,Java / C++,Growing,High,31,6.5
2023,Manual QA Tester,37,Hard,Basic Manual Testing,Declining,Low,26,3.24
2025,Software Engineer,157,Hard,Cloud Computing & System Design,Growing,Medium,71,6.81
2025,Software Engineer,137,Hard,Cloud Computing & System Design,Growing,Low,85,11.01
2022,Software Engineer,188,Hard,Java / C++,Growing,Medium,48,5.29
2025,Data Entry Operator,20,Hard,Basic Data Entry,Declining,Low,20,3.5
2023,Software Engineer,120,Hard,Cloud Computing & System Design,Growing,Medium,66,6.39
2023,Data Analyst,164,Hard,"Python, SQL & Power BI",Growing,Medium,71,10.61
2023,AI Prompt Engineer,29,Medium,LLMs & Prompt Engineering,High Growth,Low,92,8.45
2025,Data Analyst,168,Hard,"Python, SQL & Power BI",Growing,Medium,70,11.57
2022,Data Analyst,219,Hard,SQL & Excel,Growing,High,46,7.44
2025,AI Prompt Engineer,189,Hard,LLMs & Prompt Engineering,High Growth,Low,80,10.15
2022,Manual QA Tester,120,Easy,Manual Test Cases,Stable,High,45,2.71
2025,Software Engineer,120,Hard,Cloud Computing & System Design,Growing,Low,70,11.03
2023,Web Developer,170,Medium,React JS & AI Copilot,Growing,High,83,9.79
2025,Data Entry Operator,17,Hard,Basic Data Entry,Declining,Low,33,2.66
2021,Manual QA Tester,149,Medium,Manual Test Cases,Stable,High,44,3.37
2024,Data Entry Operator,31,Hard,Basic Data Entry,Declining,Low,26,2.88
2025,AI Prompt Engineer,127,Medium,LLMs & Prompt Engineering,High Growth,Medium,75,11.79
2021,Software Engineer,198,Medium,Java / C++,Growing,High,48,6.24
2025,Manual QA Tester,16,Hard,Basic Manual Testing,Declining,Low,29,2.53
2023,Data Analyst,145,Hard,"Python, SQL & Power BI",Growing,Low,65,6.46
2022,Data Entry Operator,125,Easy,Excel & Typing,Stable,High,32,3.43
2022,Data Analyst,225,Medium,SQL & Excel,Growing,Medium,31,5.99
2024,Web Developer,164,Hard,React JS & AI Copilot,Growing,Low,84,11.72
2021,Software Engineer,237,Easy,Java / C++,Growing,Medium,40,5.98
2022,Manual QA Tester,154,Medium,Manual Test Cases,Stable,High,39,2.83
2023,Web Developer,153,Hard,React JS & AI Copilot,Growing,Medium,66,9.56
2022,Software Engineer,248,Easy,Java / C++,Growing,Medium,34,4.51
2022,Web Developer,208,Medium,HTML/CSS/JavaScript,Growing,High,36,5.28
2021,Data Analyst,228,Easy,SQL & Excel,Growing,High,45,6.34
2024,Data Entry Operator,41,Hard,Basic Data Entry,Declining,Low,32,2.45
2023,AI Prompt Engineer,31,Medium,LLMs & Prompt Engineering,High Growth,Low,90,10.96
2021,Manual QA Tester,164,Easy,Manual Test Cases,Stable,High,40,2.65
2024,Data Entry Operator,27,Hard,Basic Data Entry,Declining,Low,37,2.19
2022,Software Engineer,193,Medium,Java / C++,Growing,High,33,5.3
2026,Data Analyst,116,Hard,"Python, SQL & Power BI",Growing,Medium,73,8.55
2021,Manual QA Tester,165,Easy,Manual Test Cases,Stable,High,45,3.53
2022,Data Analyst,151,Easy,SQL & Excel,Growing,High,49,6.84
2025,Data Analyst,115,Hard,"Python, SQL & Power BI",Growing,Medium,78,8.63
2023,Manual QA Tester,26,Hard,Basic Manual Testing,Declining,Low,29,2.67
2023,Web Developer,168,Hard,React JS & AI Copilot,Growing,Low,65,8.84
2022,Web Developer,227,Easy,HTML/CSS/JavaScript,Growing,High,47,5.45
2022,Manual QA Tester,137,Easy,Manual Test Cases,Stable,High,33,2.64
2023,AI Prompt Engineer,12,Hard,LLMs & Prompt Engineering,High Growth,Low,80,8.12
2022,Data Analyst,238,Medium,SQL & Excel,Growing,High,45,4.73
2026,Web Developer,151,Hard,React JS & AI Copilot,Growing,Medium,76,9.78
2025,Manual QA Tester,18,Hard,Basic Manual Testing,Declining,Low,29,2.25
2026,Software Engineer,129,Medium,Cloud Computing & System Design,Growing,Low,89,7.56
2021,Data Analyst,195,Medium,SQL & Excel,Growing,High,32,6.63
2024,Software Engineer,154,Medium,Cloud Computing & System Design,Growing,High,86,6.34
2024,Data Analyst,176,Hard,"Python, SQL & Power BI",Growing,Medium,76,9.67
2023,Web Developer,133,Hard,React JS & AI Copilot,Growing,High,70,9.49
2023,Manual QA Tester,12,Hard,Basic Manual Testing,Declining,Low,25,3.19
2022,Web Developer,249,Medium,HTML/CSS/JavaScript,Growing,Medium,46,6.39
2022,Data Analyst,201,Easy,SQL & Excel,Growing,High,37,7.12
2023,AI Prompt Engineer,27,Medium,LLMs & Prompt Engineering,High Growth,Medium,82,14.17
2021,Software Engineer,154,Easy,Java / C++,Growing,Medium,48,4.56
2023,Software Engineer,139,Hard,Cloud Computing & System Design,Growing,Medium,83,9.11
2022,Manual QA Tester,152,Easy,Manual Test Cases,Stable,High,38,3.6
2022,Data Entry Operator,147,Easy,Excel & Typing,Stable,High,39,3.37
2025,AI Prompt Engineer,178,Hard,LLMs & Prompt Engineering,High Growth,Low,75,11.42
2022,Manual QA Tester,132,Medium,Manual Test Cases,Stable,High,45,3.22
2021,Web Developer,155,Medium,HTML/CSS/JavaScript,Growing,High,46,5.85
2022,Software Engineer,166,Medium,Java / C++,Growing,Medium,39,5.24
2026,AI Prompt Engineer,121,Hard,LLMs & Prompt Engineering,High Growth,Low,86,12.42
2026,Software Engineer,122,Hard,Cloud Computing & System Design,Growing,High,89,9.74
2021,Data Analyst,228,Medium,SQL & Excel,Growing,Medium,38,7.06
2022,Software Engineer,152,Easy,Java / C++,Growing,Medium,32,7.45
2026,Web Developer,118,Medium,React JS & AI Copilot,Growing,Low,84,11.77
2023,Software Engineer,167,Hard,Cloud Computing & System Design,Growing,Medium,82,6.6
2021,Data Analyst,197,Easy,SQL & Excel,Growing,High,45,6.1
2023,Data Analyst,145,Hard,"Python, SQL & Power BI",Growing,Medium,79,8.47
2022,Web Developer,198,Hard,HTML/CSS/JavaScript,Growing,High,39,5.52
2022,Data Analyst,175,Hard,SQL & Excel,Growing,High,48,6.45
2021,Web Developer,158,Medium,HTML/CSS/JavaScript,Growing,High,47,4.9
2021,Manual QA Tester,174,Medium,Manual Test Cases,Stable,Medium,35,3.23
2025,Web Developer,139,Hard,React JS & AI Copilot,Growing,Medium,71,10.75
2026,AI Prompt Engineer,186,Hard,LLMs & Prompt Engineering,High Growth,Medium,85,9.28
2023,Web Developer,165,Hard,React JS & AI Copilot,Growing,Medium,78,6.1
2024,Data Entry Operator,40,Hard,Basic Data Entry,Declining,Low,30,2.21
2022,Web Developer,170,Easy,HTML/CSS/JavaScript,Growing,High,31,7.36
2025,Manual QA Tester,29,Hard,Basic Manual Testing,Declining,Low,25,3.0
2021,Data Analyst,190,Easy,SQL & Excel,Growing,Medium,35,6.44
2023,Manual QA Tester,22,Hard,Basic Manual Testing,Declining,Low,38,2.92
2021,Web Developer,243,Easy,HTML/CSS/JavaScript,Growing,Medium,41,6.38
2025,Web Developer,146,Medium,React JS & AI Copilot,Growing,Medium,84,9.01
2026,Web Developer,171,Hard,React JS & AI Copilot,Growing,Medium,80,6.54
2024,Manual QA Tester,34,Hard,Basic Manual Testing,Declining,Low,33,3.38
2026,Data Entry Operator,18,Hard,Basic Data Entry,Declining,Low,27,3.08
2022,Manual QA Tester,134,Easy,Manual Test Cases,Stable,Medium,47,3.46
2026,Web Developer,173,Hard,React JS & AI Copilot,Growing,High,71,8.51
2025,Data Entry Operator,25,Hard,Basic Data Entry,Declining,Low,22,2.24
2022,Manual QA Tester,134,Easy,Manual Test Cases,Stable,Medium,43,3.72
2021,Web Developer,242,Easy,HTML/CSS/JavaScript,Growing,High,43,7.04
2025,Data Analyst,122,Hard,"Python, SQL & Power BI",Growing,High,72,8.42
2021,Manual QA Tester,146,Medium,Manual Test Cases,Stable,Medium,48,3.41
2022,Data Entry Operator,129,Medium,Excel & Typing,Stable,High,39,2.66
2022,Manual QA Tester,135,Easy,Manual Test Cases,Stable,High,46,3.82
2026,Data Entry Operator,44,Hard,Basic Data Entry,Declining,Low,36,3.01
2023,Data Entry Operator,26,Hard,Basic Data Entry,Declining,Low,28,2.75
2023,Data Entry Operator,34,Hard,Basic Data Entry,Declining,Low,21,2.11
2025,Manual QA Tester,12,Hard,Basic Manual Testing,Declining,Low,39,3.16
2021,Web Developer,247,Medium,HTML/CSS/JavaScript,Growing,Medium,42,5.89
2021,Software Engineer,195,Medium,Java / C++,Growing,High,36,5.79
2023,Manual QA Tester,41,Hard,Basic Manual Testing,Declining,Low,36,2.78
2024,Data Analyst,123,Hard,"Python, SQL & Power BI",Growing,Low,89,7.93
2024,Data Analyst,117,Hard,"Python, SQL & Power BI",Growing,Medium,67,11.93
2024,AI Prompt Engineer,185,Medium,LLMs & Prompt Engineering,High Growth,Medium,77,10.68
2023,Web Developer,118,Medium,React JS & AI Copilot,Growing,Medium,69,7.2
2025,Data Analyst,125,Hard,"Python, SQL & Power BI",Growing,Medium,84,8.46
2022,Software Engineer,224,Medium,Java / C++,Growing,High,48,7.44
2025,Software Engineer,117,Medium,Cloud Computing & System Design,Growing,Medium,86,8.42
2021,Software Engineer,225,Easy,Java / C++,Growing,High,41,6.67
2024,Software Engineer,138,Medium,Cloud Computing & System Design,Growing,Low,79,6.82
2026,Manual QA Tester,41,Hard,Basic Manual Testing,Declining,Low,37,3.09
2025,Data Entry Operator,37,Hard,Basic Data Entry,Declining,Low,33,2.68
2021,Software Engineer,246,Medium,Java / C++,Growing,High,47,5.34
2021,Software Engineer,235,Easy,Java / C++,Growing,High,35,7.15
2024,Manual QA Tester,11,Hard,Basic Manual Testing,Declining,Low,21,3.08
2025,Web Developer,106,Medium,React JS & AI Copilot,Growing,Medium,81,6.09
2026,Software Engineer,105,Medium,Cloud Computing & System Design,Growing,High,88,9.86
2022,Software Engineer,167,Medium,Java / C++,Growing,High,30,5.13
2024,Data Entry Operator,16,Hard,Basic Data Entry,Declining,Low,21,2.78
2022,Software Engineer,177,Medium,Java / C++,Growing,Medium,39,5.45
2024,Data Analyst,152,Hard,"Python, SQL & Power BI",Growing,Medium,69,6.63
2022,Software Engineer,175,Easy,Java / C++,Growing,High,44,6.9
2024,AI Prompt Engineer,191,Medium,LLMs & Prompt Engineering,High Growth,Medium,80,14.9
2022,Data Entry Operator,157,Medium,Excel & Typing,Stable,High,36,3.33
2022,Data Analyst,160,Medium,SQL & Excel,Growing,Medium,45,5.67
2025,AI Prompt Engineer,133,Hard,LLMs & Prompt Engineering,High Growth,Low,90,10.91
2021,Manual QA Tester,133,Easy,Manual Test Cases,Stable,Medium,49,3.2
2023,Data Analyst,162,Hard,"Python, SQL & Power BI",Growing,High,85,10.04
2026,Web Developer,109,Hard,React JS & AI Copilot,Growing,Medium,69,11.85
2023,Data Analyst,175,Hard,"Python, SQL & Power BI",Growing,High,72,11.4
2023,AI Prompt Engineer,11,Hard,LLMs & Prompt Engineering,High Growth,Medium,75,13.85
2024,Manual QA Tester,42,Hard,Basic Manual Testing,Declining,Low,34,3.27
2025,Software Engineer,126,Medium,Cloud Computing & System Design,Growing,Medium,72,6.85
2021,Software Engineer,247,Easy,Java / C++,Growing,High,39,6.73
2022,Manual QA Tester,144,Easy,Manual Test Cases,Stable,Medium,47,3.51
2026,Data Analyst,145,Medium,"Python, SQL & Power BI",Growing,Low,71,8.91
2021,Software Engineer,240,Easy,Java / C++,Growing,High,34,5.59
2024,Web Developer,132,Hard,React JS & AI Copilot,Growing,Medium,80,7.9
2021,Data Entry Operator,140,Easy,Excel & Typing,Stable,High,42,2.63
2026,Software Engineer,112,Hard,Cloud Computing & System Design,Growing,Medium,78,8.65
2021,Web Developer,161,Medium,HTML/CSS/JavaScript,Growing,High,40,5.21
2021,Software Engineer,188,Medium,Java / C++,Growing,High,33,4.78
2021,Software Engineer,184,Medium,Java / C++,Growing,High,41,6.45
2023,Data Entry Operator,25,Hard,Basic Data Entry,Declining,Low,26,2.41
2023,Web Developer,157,Hard,React JS & AI Copilot,Growing,High,76,6.06
2023,Data Analyst,161,Hard,"Python, SQL & Power BI",Growing,Medium,73,11.52
2025,Data Entry Operator,34,Hard,Basic Data Entry,Declining,Low,31,2.36
2025,Manual QA Tester,37,Hard,Basic Manual Testing,Declining,Low,34,2.25
2021,Data Entry Operator,128,Easy,Excel & Typing,Stable,Medium,34,3.41
2026,Software Engineer,124,Medium,Cloud Computing & System Design,Growing,Low,69,11.81
2023,AI Prompt Engineer,14,Medium,LLMs & Prompt Engineering,High Growth,Low,93,9.73
2026,Software Engineer,161,Hard,Cloud Computing & System Design,Growing,Medium,82,8.56
2021,Data Entry Operator,136,Medium,Excel & Typing,Stable,Medium,43,2.92
2026,Software Engineer,107,Hard,Cloud Computing & System Design,Growing,Low,81,9.29
2026,Manual QA Tester,29,Hard,Basic Manual Testing,Declining,Low,35,2.09
2023,AI Prompt Engineer,15,Hard,LLMs & Prompt Engineering,High Growth,Low,86,9.44
2021,Web Developer,161,Medium,HTML/CSS/JavaScript,Growing,High,45,6.71
2026,Data Analyst,142,Medium,"Python, SQL & Power BI",Growing,Medium,88,8.62
2026,Manual QA Tester,27,Hard,Basic Manual Testing,Declining,Low,35,3.15
2026,Data Analyst,130,Hard,"Python, SQL & Power BI",Growing,Low,76,6.45
2026,Software Engineer,119,Hard,Cloud Computing & System Design,Growing,High,80,10.25
2026,Software Engineer,119,Medium,Cloud Computing & System Design,Growing,Medium,82,12.0
2026,Web Developer,130,Medium,React JS & AI Copilot,Growing,Medium,82,11.98
2021,Software Engineer,205,Easy,Java / C++,Growing,High,43,6.35
2023,Software Engineer,137,Hard,Cloud Computing & System Design,Growing,Low,76,11.3
2023,Data Analyst,117,Hard,"Python, SQL & Power BI",Growing,Medium,81,10.6
2022,Software Engineer,211,Medium,Java / C++,Growing,High,38,6.76
2021,Software Engineer,168,Medium,Java / C++,Growing,Medium,37,5.58
2023,AI Prompt Engineer,25,Hard,LLMs & Prompt Engineering,High Growth,Low,90,13.86
2021,Web Developer,220,Medium,HTML/CSS/JavaScript,Growing,High,39,5.15
2024,Manual QA Tester,33,Hard,Basic Manual Testing,Declining,Low,26,2.33
2021,Manual QA Tester,126,Easy,Manual Test Cases,Stable,High,30,2.51
2024,Software Engineer,162,Medium,Cloud Computing & System Design,Growing,Medium,77,11.13
2022,Manual QA Tester,152,Medium,Manual Test Cases,Stable,High,45,3.7
2025,AI Prompt Engineer,112,Hard,LLMs & Prompt Engineering,High Growth,Medium,85,13.16
2024,Software Engineer,128,Hard,Cloud Computing & System Design,Growing,High,77,11.45
2025,Data Entry Operator,28,Hard,Basic Data Entry,Declining,Low,26,2.55
2025,Manual QA Tester,11,Hard,Basic Manual Testing,Declining,Low,28,3.35
2026,Manual QA Tester,35,Hard,Basic Manual Testing,Declining,Low,26,3.39
2023,AI Prompt Engineer,20,Hard,LLMs & Prompt Engineering,High Growth,Low,93,12.36
2026,Web Developer,156,Hard,React JS & AI Copilot,Growing,Medium,71,11.88
2021,Web Developer,159,Medium,HTML/CSS/JavaScript,Growing,High,47,5.5
2025,Manual QA Tester,29,Hard,Basic Manual Testing,Declining,Low,20,2.01
2022,Web Developer,204,Easy,HTML/CSS/JavaScript,Growing,Medium,46,5.35
2022,Manual QA Tester,174,Easy,Manual Test Cases,Stable,High,31,2.78
2026,Data Entry Operator,30,Hard,Basic Data Entry,Declining,Low,32,2.98
2021,Data Analyst,182,Easy,SQL & Excel,Growing,High,49,7.14
2025,AI Prompt Engineer,115,Hard,LLMs & Prompt Engineering,High Growth,Medium,82,11.98
2021,Software Engineer,235,Easy,Java / C++,Growing,Medium,44,6.51
2026,Web Developer,112,Medium,React JS & AI Copilot,Growing,High,89,8.72
2023,Software Engineer,162,Hard,Cloud Computing & System Design,Growing,Medium,78,6.17
2024,Manual QA Tester,26,Hard,Basic Manual Testing,Declining,Low,27,2.8
2021,Data Entry Operator,129,Easy,Excel & Typing,Stable,High,31,3.73
2024,Data Entry Operator,32,Hard,Basic Data Entry,Declining,Low,32,2.09
2021,Software Engineer,237,Medium,Java / C++,Growing,High,38,5.77
2023,AI Prompt Engineer,38,Hard,LLMs & Prompt Engineering,High Growth,Low,75,13.73
2024,Data Analyst,175,Medium,"Python, SQL & Power BI",Growing,Medium,82,10.2
2023,Data Entry Operator,40,Hard,Basic Data Entry,Declining,Low,20,3.39
2021,Data Analyst,180,Medium,SQL & Excel,Growing,High,38,4.76
2024,Data Analyst,114,Hard,"Python, SQL & Power BI",Growing,Medium,67,6.54
2023,Manual QA Tester,37,Hard,Basic Manual Testing,Declining,Low,29,2.28
2021,Data Analyst,167,Medium,SQL & Excel,Growing,High,44,5.73
2022,Data Entry Operator,157,Easy,Excel & Typing,Stable,High,36,3.59
2021,Data Analyst,151,Easy,SQL & Excel,Growing,High,48,6.89
2025,Data Entry Operator,21,Hard,Basic Data Entry,Declining,Low,39,2.23
2026,AI Prompt Engineer,196,Hard,LLMs & Prompt Engineering,High Growth,Low,85,8.44
2025,Manual QA Tester,33,Hard,Basic Manual Testing,Declining,Low,21,2.79
2026,Web Developer,174,Hard,React JS & AI Copilot,Growing,Medium,69,9.18
2026,Data Analyst,127,Hard,"Python, SQL & Power BI",Growing,Medium,74,10.74
2026,Data Entry Operator,39,Hard,Basic Data Entry,Declining,Low,29,3.11
2023,Web Developer,155,Hard,React JS & AI Copilot,Growing,Medium,81,9.43
2024,Software Engineer,108,Hard,Cloud Computing & System Design,Growing,Low,65,11.58
2025,Software Engineer,139,Hard,Cloud Computing & System Design,Growing,Medium,86,7.31
2022,Software Engineer,232,Medium,Java / C++,Growing,High,35,5.23
2025,Web Developer,136,Hard,React JS & AI Copilot,Growing,Low,81,9.45
2026,AI Prompt Engineer,171,Medium,LLMs & Prompt Engineering,High Growth,Low,89,11.22
2022,Software Engineer,186,Medium,Java / C++,Growing,Medium,33,7.33
2022,Manual QA Tester,167,Easy,Manual Test Cases,Stable,High,31,2.67
2024,Software Engineer,109,Hard,Cloud Computing & System Design,Growing,Medium,79,11.96
2021,Manual QA Tester,142,Easy,Manual Test Cases,Stable,High,38,2.5
2021,Software Engineer,212,Medium,Java / C++,Growing,Medium,31,4.69
2021,Software Engineer,180,Hard,Java / C++,Growing,High,34,6.13
2022,Software Engineer,157,Easy,Java / C++,Growing,High,44,4.84
2024,Data Entry Operator,25,Hard,Basic Data Entry,Declining,Low,31,2.64
2026,Data Analyst,128,Hard,"Python, SQL & Power BI",Growing,Medium,71,8.13
2025,Web Developer,114,Hard,React JS & AI Copilot,Growing,Low,74,10.67
2022,Data Entry Operator,153,Easy,Excel & Typing,Stable,Medium,30,3.0
2024,Web Developer,176,Hard,React JS & AI Copilot,Growing,Medium,81,7.53
2025,Software Engineer,116,Hard,Cloud Computing & System Design,Growing,High,75,9.77
2023,Manual QA Tester,40,Hard,Basic Manual Testing,Declining,Low,36,3.11
2022,Manual QA Tester,124,Easy,Manual Test Cases,Stable,High,47,2.58
2023,Data Entry Operator,18,Hard,Basic Data Entry,Declining,Low,21,2.2
2024,Data Entry Operator,34,Hard,Basic Data Entry,Declining,Low,22,3.06
2024,Data Analyst,133,Hard,"Python, SQL & Power BI",Growing,Low,70,7.4
2026,Data Analyst,131,Medium,"Python, SQL & Power BI",Growing,Medium,85,7.74
2022,Manual QA Tester,127,Medium,Manual Test Cases,Stable,High,41,3.04
2023,AI Prompt Engineer,36,Hard,LLMs & Prompt Engineering,High Growth,Medium,94,14.4
2021,Data Analyst,180,Medium,SQL & Excel,Growing,High,38,5.85
2025,AI Prompt Engineer,177,Hard,LLMs & Prompt Engineering,High Growth,Low,81,14.36
2025,Software Engineer,169,Hard,Cloud Computing & System Design,Growing,Medium,89,11.46
2022,Software Engineer,190,Easy,Java / C++,Growing,Medium,39,6.65
2021,Data Analyst,177,Easy,SQL & Excel,Growing,High,38,5.78
2025,AI Prompt Engineer,197,Hard,LLMs & Prompt Engineering,High Growth,Low,76,9.26
2026,Data Analyst,127,Medium,"Python, SQL & Power BI",Growing,High,74,7.93
2023,AI Prompt Engineer,19,Medium,LLMs & Prompt Engineering,High Growth,Low,86,10.51
2023,Data Analyst,174,Hard,"Python, SQL & Power BI",Growing,Low,82,11.01
2026,Data Analyst,148,Hard,"Python, SQL & Power BI",Growing,Low,74,10.81
2022,Software Engineer,221,Easy,Java / C++,Growing,High,48,6.43
2023,Data Entry Operator,31,Hard,Basic Data Entry,Declining,Low,36,2.41
2026,Software Engineer,108,Hard,Cloud Computing & System Design,Growing,Medium,69,6.35
2024,Software Engineer,152,Medium,Cloud Computing & System Design,Growing,High,72,10.03
2024,AI Prompt Engineer,146,Hard,LLMs & Prompt Engineering,High Growth,Low,94,11.96
2024,Software Engineer,176,Hard,Cloud Computing & System Design,Growing,Medium,73,10.19
2022,Software Engineer,241,Easy,Java / C++,Growing,High,36,4.66
2021,Manual QA Tester,129,Medium,Manual Test Cases,Stable,High,31,2.96
2021,Web Developer,233,Easy,HTML/CSS/JavaScript,Growing,High,45,5.37
2026,AI Prompt Engineer,112,Hard,LLMs & Prompt Engineering,High Growth,Low,90,13.27
2023,Data Entry Operator,12,Hard,Basic Data Entry,Declining,Low,31,3.33
2026,Software Engineer,148,Hard,Cloud Computing & System Design,Growing,Low,83,7.91
2026,Software Engineer,175,Hard,Cloud Computing & System Design,Growing,Medium,87,11.06
2021,Manual QA Tester,134,Easy,Manual Test Cases,Stable,High,36,3.4
2026,AI Prompt Engineer,155,Hard,LLMs & Prompt Engineering,High Growth,Medium,94,13.4
2021,Software Engineer,182,Hard,Java / C++,Growing,High,49,7.0
2022,Web Developer,165,Easy,HTML/CSS/JavaScript,Growing,High,37,7.06
2025,Web Developer,121,Hard,React JS & AI Copilot,Growing,High,68,9.48
2021,Data Analyst,214,Easy,SQL & Excel,Growing,Medium,46,5.06
2021,Manual QA Tester,154,Medium,Manual Test Cases,Stable,Medium,44,2.65
2026,Data Entry Operator,12,Hard,Basic Data Entry,Declining,Low,28,3.21
2022,Data Analyst,158,Hard,SQL & Excel,Growing,Medium,45,4.72
2024,Web Developer,137,Hard,React JS & AI Copilot,Growing,Medium,83,10.76
2025,Software Engineer,143,Hard,Cloud Computing & System Design,Growing,Medium,68,6.06
2021,Data Analyst,224,Medium,SQL & Excel,Growing,High,38,5.29
2024,Manual QA Tester,29,Hard,Basic Manual Testing,Declining,Low,31,2.89
2023,Web Developer,149,Hard,React JS & AI Copilot,Growing,Medium,84,10.71
2026,Web Developer,124,Hard,React JS & AI Copilot,Growing,Low,73,11.58
2021,Software Engineer,182,Medium,Java / C++,Growing,High,45,6.17
2022,Data Analyst,239,Easy,SQL & Excel,Growing,High,44,5.81
2025,Software Engineer,171,Hard,Cloud Computing & System Design,Growing,High,67,9.13
2024,Data Entry Operator,23,Hard,Basic Data Entry,Declining,Low,29,3.21
2024,Web Developer,163,Hard,React JS & AI Copilot,Growing,Medium,66,9.89
2025,Software Engineer,158,Medium,Cloud Computing & System Design,Growing,High,73,11.54
2024,Web Developer,116,Medium,React JS & AI Copilot,Growing,Medium,69,11.01
2022,Software Engineer,225,Easy,Java / C++,Growing,High,35,7.38
2022,Software Engineer,207,Medium,Java / C++,Growing,High,36,6.08
2025,Data Entry Operator,39,Hard,Basic Data Entry,Declining,Low,24,3.38
2022,Software Engineer,205,Easy,Java / C++,Growing,High,49,5.48
2022,Manual QA Tester,159,Easy,Manual Test Cases,Stable,High,42,3.82
2022,Data Analyst,171,Easy,SQL & Excel,Growing,High,45,5.47
2023,Data Analyst,170,Hard,"Python, SQL & Power BI",Growing,Medium,71,10.58
2026,Data Analyst,156,Medium,"Python, SQL & Power BI",Growing,Low,73,6.76
2023,Software Engineer,120,Hard,Cloud Computing & System Design,Growing,Medium,89,10.32
2026,AI Prompt Engineer,184,Hard,LLMs & Prompt Engineering,High Growth,Low,75,9.67
2025,AI Prompt Engineer,197,Medium,LLMs & Prompt Engineering,High Growth,Low,85,10.23
2026,Data Entry Operator,18,Hard,Basic Data Entry,Declining,Low,24,3.11
2026,Data Analyst,150,Hard,"Python, SQL & Power BI",Growing,High,88,6.79
2026,Data Entry Operator,33,Hard,Basic Data Entry,Declining,Low,32,3.23
2023,Software Engineer,120,Hard,Cloud Computing & System Design,Growing,High,77,11.95
2022,Data Entry Operator,123,Easy,Excel & Typing,Stable,High,46,3.67
2025,Data Entry Operator,19,Hard,Basic Data Entry,Declining,Low,22,2.89
2021,Web Developer,248,Easy,HTML/CSS/JavaScript,Growing,High,37,6.77
2021,Manual QA Tester,174,Easy,Manual Test Cases,Stable,Medium,32,2.84
2026,Data Analyst,155,Hard,"Python, SQL & Power BI",Growing,Low,70,6.68
2021,Software Engineer,232,Easy,Java / C++,Growing,High,36,6.88
2022,Web Developer,189,Medium,HTML/CSS/JavaScript,Growing,Medium,42,6.84
2023,Software Engineer,168,Hard,Cloud Computing & System Design,Growing,Low,79,11.68
2026,Manual QA Tester,20,Hard,Basic Manual Testing,Declining,Low,32,3.45
2024,Manual QA Tester,18,Hard,Basic Manual Testing,Declining,Low,29,2.17
2026,Data Analyst,142,Medium,"Python, SQL & Power BI",Growing,Medium,74,9.26
2024,Data Entry Operator,12,Hard,Basic Data Entry,Declining,Low,33,2.99
2022,Software Engineer,249,Medium,Java / C++,Growing,Medium,36,5.35
2026,AI Prompt Engineer,190,Hard,LLMs & Prompt Engineering,High Growth,Low,75,13.69
2025,Web Developer,100,Hard,React JS & AI Copilot,Growing,Low,75,7.92
2026,Web Developer,135,Hard,React JS & AI Copilot,Growing,Low,85,8.67
2023,Software Engineer,169,Hard,Cloud Computing & System Design,Growing,Medium,86,10.84
2026,Manual QA Tester,36,Hard,Basic Manual Testing,Declining,Low,37,2.67
2022,Manual QA Tester,126,Easy,Manual Test Cases,Stable,High,31,2.61
2021,Software Engineer,150,Hard,Java / C++,Growing,High,42,6.48
2021,Data Analyst,190,Medium,SQL & Excel,Growing,High,30,6.13
2021,Web Developer,238,Easy,HTML/CSS/JavaScript,Growing,High,35,6.43
2022,Data Analyst,209,Easy,SQL & Excel,Growing,Medium,48,7.4
2021,Web Developer,210,Medium,HTML/CSS/JavaScript,Growing,High,33,4.62
2024,Data Analyst,102,Hard,"Python, SQL & Power BI",Growing,Medium,81,6.19
2026,Data Analyst,114,Hard,"Python, SQL & Power BI",Growing,Medium,84,6.4
2025,AI Prompt Engineer,179,Hard,LLMs & Prompt Engineering,High Growth,Low,83,9.72
2021,Software Engineer,243,Medium,Java / C++,Growing,High,44,6.73
2025,Data Analyst,130,Medium,"Python, SQL & Power BI",Growing,Medium,73,7.13
2023,Manual QA Tester,30,Hard,Basic Manual Testing,Declining,Low,29,3.18
2024,Software Engineer,151,Hard,Cloud Computing & System Design,Growing,Medium,80,9.05
2026,AI Prompt Engineer,116,Hard,LLMs & Prompt Engineering,High Growth,Medium,83,12.34
2025,Software Engineer,126,Hard,Cloud Computing & System Design,Growing,High,68,6.97
2025,Data Analyst,118,Hard,"Python, SQL & Power BI",Growing,Low,86,10.24
2024,Web Developer,143,Hard,React JS & AI Copilot,Growing,Low,81,10.39
2025,Manual QA Tester,18,Hard,Basic Manual Testing,Declining,Low,32,2.77
2023,Data Analyst,171,Medium,"Python, SQL & Power BI",Growing,Medium,89,7.58
2023,AI Prompt Engineer,29,Medium,LLMs & Prompt Engineering,High Growth,Low,93,11.02
2026,Data Analyst,160,Hard,"Python, SQL & Power BI",Growing,Medium,75,7.7
2026,Software Engineer,132,Hard,Cloud Computing & System Design,Growing,Low,80,10.86
2026,Data Entry Operator,25,Hard,Basic Data Entry,Declining,Low,38,2.19
2022,Software Engineer,199,Medium,Java / C++,Growing,High,38,4.95
2026,AI Prompt Engineer,168,Hard,LLMs & Prompt Engineering,High Growth,Low,77,14.79
2021,Web Developer,204,Easy,HTML/CSS/JavaScript,Growing,High,33,6.05
2023,Manual QA Tester,27,Hard,Basic Manual Testing,Declining,Low,30,2.46
2025,Web Developer,143,Medium,React JS & AI Copilot,Growing,Medium,79,10.14
2022,Data Entry Operator,172,Easy,Excel & Typing,Stable,High,48,2.65
2023,Data Analyst,146,Hard,"Python, SQL & Power BI",Growing,Low,65,8.76
2025,Data Analyst,158,Medium,"Python, SQL & Power BI",Growing,Low,69,11.16
2021,Web Developer,163,Medium,HTML/CSS/JavaScript,Growing,High,33,7.37
2023,Manual QA Tester,32,Hard,Basic Manual Testing,Declining,Low,23,2.98
2023,Manual QA Tester,35,Hard,Basic Manual Testing,Declining,Low,28,2.69
2026,Software Engineer,128,Hard,Cloud Computing & System Design,Growing,Medium,65,11.76
2026,Software Engineer,145,Hard,Cloud Computing & System Design,Growing,Medium,89,6.24
2024,Web Developer,176,Hard,React JS & AI Copilot,Growing,Low,83,9.69
2021,Web Developer,180,Medium,HTML/CSS/JavaScript,Growing,Medium,35,6.04
2026,Web Developer,176,Hard,React JS & AI Copilot,Growing,High,73,11.23
2023,Software Engineer,151,Medium,Cloud Computing & System Design,Growing,Medium,87,10.3
2025,Web Developer,168,Hard,React JS & AI Copilot,Growing,Low,71,6.66
2026,Manual QA Tester,32,Hard,Basic Manual Testing,Declining,Low,37,2.32
2025,Web Developer,168,Hard,React JS & AI Copilot,Growing,Low,79,9.26
2022,Manual QA Tester,157,Easy,Manual Test Cases,Stable,High,34,3.92
2024,AI Prompt Engineer,189,Hard,LLMs & Prompt Engineering,High Growth,Medium,90,14.97
2022,Data Analyst,191,Easy,SQL & Excel,Growing,Medium,49,6.86
2023,Data Entry Operator,35,Hard,Basic Data Entry,Declining,Low,28,2.99
2022,Software Engineer,246,Easy,Java / C++,Growing,Medium,31,7.04
2022,Manual QA Tester,141,Easy,Manual Test Cases,Stable,High,44,3.76
2025,Data Entry Operator,17,Hard,Basic Data Entry,Declining,Low,29,3.25
2021,Web Developer,169,Hard,HTML/CSS/JavaScript,Growing,Medium,48,5.0
2026,Web Developer,167,Hard,React JS & AI Copilot,Growing,Low,83,9.44
2024,Web Developer,136,Hard,React JS & AI Copilot,Growing,High,77,7.4
2022,Software Engineer,182,Easy,Java / C++,Growing,High,36,5.68
2023,Web Developer,137,Hard,React JS & AI Copilot,Growing,High,84,9.25
2026,Web Developer,109,Medium,React JS & AI Copilot,Growing,Medium,68,9.48
2025,Software Engineer,179,Hard,Cloud Computing & System Design,Growing,Low,83,8.37
2021,Web Developer,193,Medium,HTML/CSS/JavaScript,Growing,High,46,5.75
2022,Manual QA Tester,131,Easy,Manual Test Cases,Stable,High,30,3.76
2023,Data Analyst,148,Medium,"Python, SQL & Power BI",Growing,Low,72,6.07
2021,Data Analyst,232,Easy,SQL & Excel,Growing,High,37,6.24
2021,Data Analyst,165,Medium,SQL & Excel,Growing,Medium,36,7.14
2021,Software Engineer,238,Medium,Java / C++,Growing,High,45,5.92
2024,Manual QA Tester,25,Hard,Basic Manual Testing,Declining,Low,31,3.12
2023,Web Developer,112,Hard,React JS & AI Copilot,Growing,Medium,73,10.38
2021,Web Developer,158,Medium,HTML/CSS/JavaScript,Growing,High,41,7.2
2023,Data Entry Operator,26,Hard,Basic Data Entry,Declining,Low,21,3.33
2025,AI Prompt Engineer,166,Medium,LLMs & Prompt Engineering,High Growth,Low,87,8.9
2023,AI Prompt Engineer,19,Hard,LLMs & Prompt Engineering,High Growth,Low,76,10.49
2025,Manual QA Tester,31,Hard,Basic Manual Testing,Declining,Low,36,2.77
2024,Web Developer,172,Hard,React JS & AI Copilot,Growing,Low,82,6.88
2026,Software Engineer,176,Hard,Cloud Computing & System Design,Growing,Low,76,10.3
2025,Manual QA Tester,16,Hard,Basic Manual Testing,Declining,Low,24,2.45
2026,Web Developer,105,Medium,React JS & AI Copilot,Growing,Medium,66,11.01
2025,Manual QA Tester,22,Hard,Basic Manual Testing,Declining,Low,32,2.48
2023,Data Analyst,135,Hard,"Python, SQL & Power BI",Growing,Low,69,6.44
2023,Software Engineer,170,Hard,Cloud Computing & System Design,Growing,Medium,67,6.56
2022,Software Engineer,189,Medium,Java / C++,Growing,High,35,4.72
2021,Software Engineer,164,Easy,Java / C++,Growing,Medium,40,5.89
2025,Data Analyst,179,Hard,"Python, SQL & Power BI",Growing,Medium,65,6.6
2026,Software Engineer,113,Hard,Cloud Computing & System Design,Growing,Low,83,9.33
2024,AI Prompt Engineer,182,Medium,LLMs & Prompt Engineering,High Growth,Medium,87,10.57
2024,AI Prompt Engineer,153,Hard,LLMs & Prompt Engineering,High Growth,Medium,80,14.46
2025,Manual QA Tester,22,Hard,Basic Manual Testing,Declining,Low,38,2.83
2023,Web Developer,139,Medium,React JS & AI Copilot,Growing,Medium,66,6.84
2023,Web Developer,154,Hard,React JS & AI Copilot,Growing,Low,86,6.85
2021,Data Analyst,234,Medium,SQL & Excel,Growing,High,35,6.68
2026,Data Entry Operator,35,Hard,Basic Data Entry,Declining,Low,38,2.7
2021,Data Analyst,210,Easy,SQL & Excel,Growing,High,41,6.49
2021,Data Entry Operator,147,Easy,Excel & Typing,Stable,High,38,3.35
2026,AI Prompt Engineer,188,Hard,LLMs & Prompt Engineering,High Growth,Low,94,8.1
2025,Software Engineer,159,Hard,Cloud Computing & System Design,Growing,Low,82,7.7
2023,Web Developer,112,Hard,React JS & AI Copilot,Growing,Medium,86,7.49
2025,Data Analyst,134,Medium,"Python, SQL & Power BI",Growing,Medium,71,10.5
2025,Manual QA Tester,19,Hard,Basic Manual Testing,Declining,Low,21,2.95
2024,Web Developer,143,Medium,React JS & AI Copilot,Growing,Low,78,8.4
2026,AI Prompt Engineer,112,Medium,LLMs & Prompt Engineering,High Growth,Low,93,9.85
2021,Data Entry Operator,160,Easy,Excel & Typing,Stable,High,49,3.91
2021,Data Entry Operator,135,Medium,Excel & Typing,Stable,High,30,3.18
2022,Manual QA Tester,156,Medium,Manual Test Cases,Stable,High,34,2.87
2022,Data Entry Operator,168,Easy,Excel & Typing,Stable,Medium,36,3.22
2021,Manual QA Tester,152,Easy,Manual Test Cases,Stable,High,31,2.61
2022,Web Developer,203,Medium,HTML/CSS/JavaScript,Growing,High,36,7.07
2023,Software Engineer,160,Hard,Cloud Computing & System Design,Growing,Medium,80,7.2
2022,Data Entry Operator,120,Easy,Excel & Typing,Stable,High,44,3.86
2021,Software Engineer,162,Easy,Java / C++,Growing,Medium,32,5.89
2025,Software Engineer,153,Hard,Cloud Computing & System Design,Growing,High,68,6.71
2022,Web Developer,232,Medium,HTML/CSS/JavaScript,Growing,High,37,5.76
2025,Web Developer,179,Medium,React JS & AI Copilot,Growing,Medium,89,7.9
2024,Data Analyst,117,Hard,"Python, SQL & Power BI",Growing,Medium,82,11.04
2023,Web Developer,139,Hard,React JS & AI Copilot,Growing,Medium,78,6.09
2024,AI Prompt Engineer,103,Medium,LLMs & Prompt Engineering,High Growth,Low,85,8.66
2024,Software Engineer,130,Hard,Cloud Computing & System Design,Growing,Low,79,8.36
2025,AI Prompt Engineer,126,Hard,LLMs & Prompt Engineering,High Growth,Low,77,13.94
2025,AI Prompt Engineer,108,Medium,LLMs & Prompt Engineering,High Growth,Low,77,12.04
2023,Software Engineer,154,Hard,Cloud Computing & System Design,Growing,Medium,65,11.95
2021,Data Entry Operator,175,Easy,Excel & Typing,Stable,High,40,3.31
2021,Web Developer,178,Medium,HTML/CSS/JavaScript,Growing,High,38,5.92
2025,Data Entry Operator,42,Hard,Basic Data Entry,Declining,Low,26,3.07
2026,Data Entry Operator,26,Hard,Basic Data Entry,Declining,Low,23,2.95
2022,Software Engineer,246,Easy,Java / C++,Growing,High,37,6.68
2025,Data Entry Operator,24,Hard,Basic Data Entry,Declining,Low,25,2.67
2023,Manual QA Tester,38,Hard,Basic Manual Testing,Declining,Low,25,3.33
2022,Software Engineer,166,Easy,Java / C++,Growing,Medium,46,4.92
2026,Data Entry Operator,19,Hard,Basic Data Entry,Declining,Low,38,2.42
2024,Software Engineer,106,Medium,Cloud Computing & System Design,Growing,Medium,70,11.36
2022,Data Entry Operator,177,Medium,Excel & Typing,Stable,Medium,40,3.38
2024,Data Entry Operator,38,Hard,Basic Data Entry,Declining,Low,31,2.05
2025,AI Prompt Engineer,129,Hard,LLMs & Prompt Engineering,High Growth,Low,79,14.88
2023,Manual QA Tester,39,Hard,Basic Manual Testing,Declining,Low,22,3.36
2023,Manual QA Tester,18,Hard,Basic Manual Testing,Declining,Low,28,3.1
2026,Manual QA Tester,38,Hard,Basic Manual Testing,Declining,Low,22,3.03
2024,Data Analyst,112,Hard,"Python, SQL & Power BI",Growing,Medium,86,9.96
2021,Software Engineer,160,Easy,Java / C++,Growing,High,41,4.85
2022,Software Engineer,236,Hard,Java / C++,Growing,High,33,4.81
2026,Data Analyst,110,Medium,"Python, SQL & Power BI",Growing,Low,89,8.43
2024,Data Entry Operator,11,Hard,Basic Data Entry,Declining,Low,21,3.26
